id,nombre_original,nombre_es,pendientes,fuentes
"3_4_Sit-Up","3/4 Sit-Up","","nombre_sin_espanol | pasos_sin_espanol | sin_video_o_gif_compatible","https://github.com/yuhonas/free-exercise-db/blob/main/exercises/3_4_Sit-Up.json"
"90_90_Hamstring","90/90 Hamstring","","nombre_sin_espanol | pasos_sin_espanol | sin_video_o_gif_compatible","https://github.com/yuhonas/free-exercise-db/blob/main/exercises/90_90_Hamstring.json"
"Ab_Crunch_Machine","Ab Crunch Machine","","nombre_sin_espanol | pasos_sin_espanol | sin_video_o_gif_compatible","https://github.com/yuhonas/free-exercise-db/blob/main/exercises/Ab_Crunch_Machine.json"
"Ab_Roller","Ab Roller","","nombre_sin_espanol | pasos_sin_espanol | equipo_sin_confirmar | sin_video_o_gif_compatible","https://github.com/yuhonas/free-exercise-db/blob/main/exercises/Ab_Roller.json"
"Adductor","Adductor","","nombre_sin_espanol | pasos_sin_espanol | sin_video_o_gif_compatible","https://github.com/yuhonas/free-exercise-db/blob/main/exercises/Adductor.json"
"Adductor_Groin","Adductor/Groin","","nombre_sin_espanol | pasos_sin_espanol | sin_video_o_gif_compatible","https://github.com/yuhonas/free-exercise-db/blob/main/exercises/Adductor_Groin.json"
"Advanced_Kettlebell_Windmill","Advanced Kettlebell Windmill","","nombre_sin_espanol | pasos_sin_espanol | sin_video_o_gif_compatible","https://github.com/yuhonas/free-exercise-db/blob/main/exercises/Advanced_Kettlebell_Windmill.json"
"Air_Bike","Air Bike","","nombre_sin_espanol | pasos_sin_espanol | sin_video_o_gif_compatible","https://github.com/yuhonas/free-exercise-db/blob/main/exercises/Air_Bike.json"
"All_Fours_Quad_Stretch","All Fours Quad Stretch","","nombre_sin_espanol | pasos_sin_espanol | sin_video_o_gif_compatible","https://github.com/yuhonas/free-exercise-db/blob/main/exercises/All_Fours_Quad_Stretch.json"
"Alternate_Hammer_Curl","Alternate Hammer Curl","","nombre_sin_espanol | pasos_sin_espanol | sin_video_o_gif_compatible","https://github.com/yuhonas/free-exercise-db/blob/main/exercises/Alternate_Hammer_Curl.json"
"Alternate_Heel_Touchers","Alternate Heel Touchers","","nombre_sin_espanol | pasos_sin_espanol | sin_video_o_gif_compatible","https://github.com/yuhonas/free-exercise-db/blob/main/exercises/Alternate_Heel_Touchers.json"
"Alternate_Incline_Dumbbell_Curl","Alternate Incline Dumbbell Curl","","nombre_sin_espanol | pasos_sin_espanol | sin_video_o_gif_compatible","https://github.com/yuhonas/free-exercise-db/blob/main/exercises/Alternate_Incline_Dumbbell_Curl.json"
"Alternate_Leg_Diagonal_Bound","Alternate Leg Diagonal Bound","","nombre_sin_espanol | pasos_sin_espanol | sin_video_o_gif_compatible","https://github.com/yuhonas/free-exercise-db/blob/main/exercises/Alternate_Leg_Diagonal_Bound.json"
"Alternating_Cable_Shoulder_Press","Alternating Cable Shoulder Press","","nombre_sin_espanol | pasos_sin_espanol | sin_video_o_gif_compatible","https://github.com/yuhonas/free-exercise-db/blob/main/exercises/Alternating_Cable_Shoulder_Press.json"
"Alternating_Deltoid_Raise","Alternating Deltoid Raise","","nombre_sin_espanol | pasos_sin_espanol | sin_video_o_gif_compatible","https://github.com/yuhonas/free-exercise-db/blob/main/exercises/Alternating_Deltoid_Raise.json"
"Alternating_Floor_Press","Alternating Floor Press","","nombre_sin_espanol | pasos_sin_espanol | sin_video_o_gif_compatible","https://github.com/yuhonas/free-exercise-db/blob/main/exercises/Alternating_Floor_Press.json"
"Alternating_Hang_Clean","Alternating Hang Clean","","nombre_sin_espanol | pasos_sin_espanol | sin_video_o_gif_compatible","https://github.com/yuhonas/free-exercise-db/blob/main/exercises/Alternating_Hang_Clean.json"
"Alternating_Kettlebell_Press","Alternating Kettlebell Press","","nombre_sin_espanol | pasos_sin_espanol | sin_video_o_gif_compatible","https://github.com/yuhonas/free-exercise-db/blob/main/exercises/Alternating_Kettlebell_Press.json"
"Alternating_Kettlebell_Row","Alternating Kettlebell Row","","nombre_sin_espanol | pasos_sin_espanol | sin_video_o_gif_compatible","https://github.com/yuhonas/free-exercise-db/blob/main/exercises/Alternating_Kettlebell_Row.json"
"Alternating_Renegade_Row","Alternating Renegade Row","","nombre_sin_espanol | pasos_sin_espanol | sin_video_o_gif_compatible","https://github.com/yuhonas/free-exercise-db/blob/main/exercises/Alternating_Renegade_Row.json"
"Ankle_Circles","Ankle Circles","","nombre_sin_espanol | pasos_sin_espanol | sin_video_o_gif_compatible","https://github.com/yuhonas/free-exercise-db/blob/main/exercises/Ankle_Circles.json"
"Ankle_On_The_Knee","Ankle On The Knee","","nombre_sin_espanol | pasos_sin_espanol | sin_video_o_gif_compatible","https://github.com/yuhonas/free-exercise-db/blob/main/exercises/Ankle_On_The_Knee.json"
"Anterior_Tibialis-SMR","Anterior Tibialis-SMR","","nombre_sin_espanol | pasos_sin_espanol | equipo_sin_confirmar | sin_video_o_gif_compatible","https://github.com/yuhonas/free-exercise-db/blob/main/exercises/Anterior_Tibialis-SMR.json"
"Anti-Gravity_Press","Anti-Gravity Press","","nombre_sin_espanol | pasos_sin_espanol | sin_video_o_gif_compatible","https://github.com/yuhonas/free-exercise-db/blob/main/exercises/Anti-Gravity_Press.json"
"Arm_Circles","Arm Circles","","nombre_sin_espanol | pasos_sin_espanol | sin_video_o_gif_compatible","https://github.com/yuhonas/free-exercise-db/blob/main/exercises/Arm_Circles.json"
"Arnold_Dumbbell_Press","Arnold Dumbbell Press","","nombre_sin_espanol | pasos_sin_espanol | sin_video_o_gif_compatible","https://github.com/yuhonas/free-exercise-db/blob/main/exercises/Arnold_Dumbbell_Press.json"
"Around_The_Worlds","Around The Worlds","","nombre_sin_espanol | pasos_sin_espanol | sin_video_o_gif_compatible","https://github.com/yuhonas/free-exercise-db/blob/main/exercises/Around_The_Worlds.json"
"Atlas_Stone_Trainer","Atlas Stone Trainer","","nombre_sin_espanol | pasos_sin_espanol | equipo_sin_confirmar | sin_video_o_gif_compatible","https://github.com/yuhonas/free-exercise-db/blob/main/exercises/Atlas_Stone_Trainer.json"
"Atlas_Stones","Atlas Stones","","nombre_sin_espanol | pasos_sin_espanol | equipo_sin_confirmar | sin_video_o_gif_compatible","https://github.com/yuhonas/free-exercise-db/blob/main/exercises/Atlas_Stones.json"
"Axle_Deadlift","Axle Deadlift","","nombre_sin_espanol | pasos_sin_espanol | equipo_sin_confirmar | sin_video_o_gif_compatible","https://github.com/yuhonas/free-exercise-db/blob/main/exercises/Axle_Deadlift.json"
"Back_Flyes_-_With_Bands","Back Flyes - With Bands","","nombre_sin_espanol | pasos_sin_espanol | sin_video_o_gif_compatible","https://github.com/yuhonas/free-exercise-db/blob/main/exercises/Back_Flyes_-_With_Bands.json"
"Backward_Drag","Backward Drag","","nombre_sin_espanol | pasos_sin_espanol | equipo_sin_confirmar | sin_video_o_gif_compatible","https://github.com/yuhonas/free-exercise-db/blob/main/exercises/Backward_Drag.json"
"Backward_Medicine_Ball_Throw","Backward Medicine Ball Throw","","nombre_sin_espanol | pasos_sin_espanol | sin_video_o_gif_compatible","https://github.com/yuhonas/free-exercise-db/blob/main/exercises/Backward_Medicine_Ball_Throw.json"
"Balance_Board","Balance Board","","nombre_sin_espanol | pasos_sin_espanol | equipo_sin_confirmar | sin_video_o_gif_compatible","https://github.com/yuhonas/free-exercise-db/blob/main/exercises/Balance_Board.json"
"Ball_Leg_Curl","Ball Leg Curl","","nombre_sin_espanol | pasos_sin_espanol | sin_video_o_gif_compatible","https://github.com/yuhonas/free-exercise-db/blob/main/exercises/Ball_Leg_Curl.json"
"Band_Assisted_Pull-Up","Band Assisted Pull-Up","","nombre_sin_espanol | pasos_sin_espanol | equipo_sin_confirmar | sin_video_o_gif_compatible","https://github.com/yuhonas/free-exercise-db/blob/main/exercises/Band_Assisted_Pull-Up.json"
"Band_Good_Morning","Band Good Morning","","nombre_sin_espanol | pasos_sin_espanol | sin_video_o_gif_compatible","https://github.com/yuhonas/free-exercise-db/blob/main/exercises/Band_Good_Morning.json"
"Band_Good_Morning_Pull_Through","Band Good Morning (Pull Through)","","nombre_sin_espanol | pasos_sin_espanol | sin_video_o_gif_compatible","https://github.com/yuhonas/free-exercise-db/blob/main/exercises/Band_Good_Morning_Pull_Through.json"
"Band_Hip_Adductions","Band Hip Adductions","","nombre_sin_espanol | pasos_sin_espanol | sin_video_o_gif_compatible","https://github.com/yuhonas/free-exercise-db/blob/main/exercises/Band_Hip_Adductions.json"
"Band_Pull_Apart","Band Pull Apart","","nombre_sin_espanol | pasos_sin_espanol | sin_video_o_gif_compatible","https://github.com/yuhonas/free-exercise-db/blob/main/exercises/Band_Pull_Apart.json"
"Band_Skull_Crusher","Band Skull Crusher","","nombre_sin_espanol | pasos_sin_espanol | sin_video_o_gif_compatible","https://github.com/yuhonas/free-exercise-db/blob/main/exercises/Band_Skull_Crusher.json"
"Barbell_Ab_Rollout","Barbell Ab Rollout","Rollout Abdominal con Barra","sin_video_o_gif_compatible","https://github.com/yuhonas/free-exercise-db/blob/main/exercises/Barbell_Ab_Rollout.json | https://wger.de/en/exercise/41/view/"
"Barbell_Ab_Rollout_-_On_Knees","Barbell Ab Rollout - On Knees","","nombre_sin_espanol | pasos_sin_espanol | sin_video_o_gif_compatible","https://github.com/yuhonas/free-exercise-db/blob/main/exercises/Barbell_Ab_Rollout_-_On_Knees.json"
"Barbell_Bench_Press_-_Medium_Grip","Barbell Bench Press - Medium Grip","Press de banca con barra, agarre medio","sin_video_o_gif_compatible | video_original_de_otra_variante","https://github.com/yuhonas/free-exercise-db/blob/main/exercises/Barbell_Bench_Press_-_Medium_Grip.json | https://wger.de/en/exercise/73/view/"
"Barbell_Curls_Lying_Against_An_Incline","Barbell Curls Lying Against An Incline","","nombre_sin_espanol | pasos_sin_espanol | sin_video_o_gif_compatible","https://github.com/yuhonas/free-exercise-db/blob/main/exercises/Barbell_Curls_Lying_Against_An_Incline.json"
"Barbell_Deadlift","Barbell Deadlift","Peso muerto con barra","sin_video_o_gif_compatible","https://github.com/yuhonas/free-exercise-db/blob/main/exercises/Barbell_Deadlift.json | https://www.acefitness.org/resources/everyone/exercise-library/"
"Barbell_Full_Squat","Barbell Full Squat","Sentadilla profunda con barra","sin_video_o_gif_compatible","https://github.com/yuhonas/free-exercise-db/blob/main/exercises/Barbell_Full_Squat.json | https://wger.de/en/exercise/1801/view/"
"Barbell_Glute_Bridge","Barbell Glute Bridge","","nombre_sin_espanol | pasos_sin_espanol | sin_video_o_gif_compatible","https://github.com/yuhonas/free-exercise-db/blob/main/exercises/Barbell_Glute_Bridge.json"
"Barbell_Guillotine_Bench_Press","Barbell Guillotine Bench Press","","nombre_sin_espanol | pasos_sin_espanol | sin_video_o_gif_compatible","https://github.com/yuhonas/free-exercise-db/blob/main/exercises/Barbell_Guillotine_Bench_Press.json"
"Barbell_Hack_Squat","Barbell Hack Squat","","nombre_sin_espanol | pasos_sin_espanol | sin_video_o_gif_compatible","https://github.com/yuhonas/free-exercise-db/blob/main/exercises/Barbell_Hack_Squat.json"
"Barbell_Incline_Bench_Press_-_Medium_Grip","Barbell Incline Bench Press - Medium Grip","","nombre_sin_espanol | pasos_sin_espanol | sin_video_o_gif_compatible","https://github.com/yuhonas/free-exercise-db/blob/main/exercises/Barbell_Incline_Bench_Press_-_Medium_Grip.json"
"Barbell_Incline_Shoulder_Raise","Barbell Incline Shoulder Raise","","nombre_sin_espanol | pasos_sin_espanol | sin_video_o_gif_compatible","https://github.com/yuhonas/free-exercise-db/blob/main/exercises/Barbell_Incline_Shoulder_Raise.json"
"Barbell_Rear_Delt_Row","Barbell Rear Delt Row","","nombre_sin_espanol | pasos_sin_espanol | sin_video_o_gif_compatible","https://github.com/yuhonas/free-exercise-db/blob/main/exercises/Barbell_Rear_Delt_Row.json"
"Barbell_Rollout_from_Bench","Barbell Rollout from Bench","","nombre_sin_espanol | pasos_sin_espanol | sin_video_o_gif_compatible","https://github.com/yuhonas/free-exercise-db/blob/main/exercises/Barbell_Rollout_from_Bench.json"
"Barbell_Seated_Calf_Raise","Barbell Seated Calf Raise","","nombre_sin_espanol | pasos_sin_espanol | sin_video_o_gif_compatible","https://github.com/yuhonas/free-exercise-db/blob/main/exercises/Barbell_Seated_Calf_Raise.json"
"Barbell_Shoulder_Press","Barbell Shoulder Press","","nombre_sin_espanol | pasos_sin_espanol | sin_video_o_gif_compatible","https://github.com/yuhonas/free-exercise-db/blob/main/exercises/Barbell_Shoulder_Press.json"
"Barbell_Shrug","Barbell Shrug","","nombre_sin_espanol | pasos_sin_espanol | sin_video_o_gif_compatible","https://github.com/yuhonas/free-exercise-db/blob/main/exercises/Barbell_Shrug.json"
"Barbell_Shrug_Behind_The_Back","Barbell Shrug Behind The Back","","nombre_sin_espanol | pasos_sin_espanol | sin_video_o_gif_compatible","https://github.com/yuhonas/free-exercise-db/blob/main/exercises/Barbell_Shrug_Behind_The_Back.json"
"Barbell_Side_Bend","Barbell Side Bend","","nombre_sin_espanol | pasos_sin_espanol | sin_video_o_gif_compatible","https://github.com/yuhonas/free-exercise-db/blob/main/exercises/Barbell_Side_Bend.json"
"Barbell_Side_Split_Squat","Barbell Side Split Squat","","nombre_sin_espanol | pasos_sin_espanol | sin_video_o_gif_compatible","https://github.com/yuhonas/free-exercise-db/blob/main/exercises/Barbell_Side_Split_Squat.json"
"Barbell_Squat","Barbell Squat","Sentadilla con barra","pasos_sin_espanol | sin_video_o_gif_compatible","https://github.com/yuhonas/free-exercise-db/blob/main/exercises/Barbell_Squat.json"
"Barbell_Squat_To_A_Bench","Barbell Squat To A Bench","","nombre_sin_espanol | pasos_sin_espanol | sin_video_o_gif_compatible","https://github.com/yuhonas/free-exercise-db/blob/main/exercises/Barbell_Squat_To_A_Bench.json"
"Barbell_Step_Ups","Barbell Step Ups","","nombre_sin_espanol | pasos_sin_espanol | sin_video_o_gif_compatible","https://github.com/yuhonas/free-exercise-db/blob/main/exercises/Barbell_Step_Ups.json"
"Barbell_Walking_Lunge","Barbell Walking Lunge","","nombre_sin_espanol | pasos_sin_espanol | sin_video_o_gif_compatible","https://github.com/yuhonas/free-exercise-db/blob/main/exercises/Barbell_Walking_Lunge.json"
"Battling_Ropes","Battling Ropes","","nombre_sin_espanol | pasos_sin_espanol | equipo_sin_confirmar | sin_video_o_gif_compatible","https://github.com/yuhonas/free-exercise-db/blob/main/exercises/Battling_Ropes.json"
"Bear_Crawl_Sled_Drags","Bear Crawl Sled Drags","","nombre_sin_espanol | pasos_sin_espanol | equipo_sin_confirmar | sin_video_o_gif_compatible","https://github.com/yuhonas/free-exercise-db/blob/main/exercises/Bear_Crawl_Sled_Drags.json"
"Behind_Head_Chest_Stretch","Behind Head Chest Stretch","","nombre_sin_espanol | pasos_sin_espanol | equipo_sin_confirmar | sin_video_o_gif_compatible","https://github.com/yuhonas/free-exercise-db/blob/main/exercises/Behind_Head_Chest_Stretch.json"
"Bench_Dips","Bench Dips","Fondos en banca","pasos_sin_espanol | sin_video_o_gif_compatible","https://github.com/yuhonas/free-exercise-db/blob/main/exercises/Bench_Dips.json"
"Bench_Jump","Bench Jump","","nombre_sin_espanol | pasos_sin_espanol | sin_video_o_gif_compatible","https://github.com/yuhonas/free-exercise-db/blob/main/exercises/Bench_Jump.json"
"Bench_Press_-_Powerlifting","Bench Press - Powerlifting","","nombre_sin_espanol | pasos_sin_espanol | sin_video_o_gif_compatible","https://github.com/yuhonas/free-exercise-db/blob/main/exercises/Bench_Press_-_Powerlifting.json"
"Bench_Press_-_With_Bands","Bench Press - With Bands","","nombre_sin_espanol | pasos_sin_espanol | sin_video_o_gif_compatible","https://github.com/yuhonas/free-exercise-db/blob/main/exercises/Bench_Press_-_With_Bands.json"
"Bench_Press_with_Chains","Bench Press with Chains","","nombre_sin_espanol | pasos_sin_espanol | sin_video_o_gif_compatible","https://github.com/yuhonas/free-exercise-db/blob/main/exercises/Bench_Press_with_Chains.json"
"Bench_Sprint","Bench Sprint","","nombre_sin_espanol | pasos_sin_espanol | equipo_sin_confirmar | sin_video_o_gif_compatible","https://github.com/yuhonas/free-exercise-db/blob/main/exercises/Bench_Sprint.json"
"Bent-Arm_Barbell_Pullover","Bent-Arm Barbell Pullover","","nombre_sin_espanol | pasos_sin_espanol | sin_video_o_gif_compatible","https://github.com/yuhonas/free-exercise-db/blob/main/exercises/Bent-Arm_Barbell_Pullover.json"
"Bent-Arm_Dumbbell_Pullover","Bent-Arm Dumbbell Pullover","","nombre_sin_espanol | pasos_sin_espanol | sin_video_o_gif_compatible","https://github.com/yuhonas/free-exercise-db/blob/main/exercises/Bent-Arm_Dumbbell_Pullover.json"
"Bent-Knee_Hip_Raise","Bent-Knee Hip Raise","","nombre_sin_espanol | pasos_sin_espanol | sin_video_o_gif_compatible","https://github.com/yuhonas/free-exercise-db/blob/main/exercises/Bent-Knee_Hip_Raise.json"
"Bent_Over_Barbell_Row","Bent Over Barbell Row","","nombre_sin_espanol | pasos_sin_espanol | sin_video_o_gif_compatible","https://github.com/yuhonas/free-exercise-db/blob/main/exercises/Bent_Over_Barbell_Row.json"
"Bent_Over_Dumbbell_Rear_Delt_Raise_With_Head_On_Bench","Bent Over Dumbbell Rear Delt Raise With Head On Bench","","nombre_sin_espanol | pasos_sin_espanol | sin_video_o_gif_compatible","https://github.com/yuhonas/free-exercise-db/blob/main/exercises/Bent_Over_Dumbbell_Rear_Delt_Raise_With_Head_On_Bench.json"
"Bent_Over_Low-Pulley_Side_Lateral","Bent Over Low-Pulley Side Lateral","","nombre_sin_espanol | pasos_sin_espanol | sin_video_o_gif_compatible","https://github.com/yuhonas/free-exercise-db/blob/main/exercises/Bent_Over_Low-Pulley_Side_Lateral.json"
"Bent_Over_One-Arm_Long_Bar_Row","Bent Over One-Arm Long Bar Row","","nombre_sin_espanol | pasos_sin_espanol | sin_video_o_gif_compatible","https://github.com/yuhonas/free-exercise-db/blob/main/exercises/Bent_Over_One-Arm_Long_Bar_Row.json"
"Bent_Over_Two-Arm_Long_Bar_Row","Bent Over Two-Arm Long Bar Row","","nombre_sin_espanol | pasos_sin_espanol | sin_video_o_gif_compatible","https://github.com/yuhonas/free-exercise-db/blob/main/exercises/Bent_Over_Two-Arm_Long_Bar_Row.json"
"Bent_Over_Two-Dumbbell_Row","Bent Over Two-Dumbbell Row","","nombre_sin_espanol | pasos_sin_espanol | sin_video_o_gif_compatible","https://github.com/yuhonas/free-exercise-db/blob/main/exercises/Bent_Over_Two-Dumbbell_Row.json"
"Bent_Over_Two-Dumbbell_Row_With_Palms_In","Bent Over Two-Dumbbell Row With Palms In","","nombre_sin_espanol | pasos_sin_espanol | sin_video_o_gif_compatible","https://github.com/yuhonas/free-exercise-db/blob/main/exercises/Bent_Over_Two-Dumbbell_Row_With_Palms_In.json"
"Bent_Press","Bent Press","","nombre_sin_espanol | pasos_sin_espanol | sin_video_o_gif_compatible","https://github.com/yuhonas/free-exercise-db/blob/main/exercises/Bent_Press.json"
"Bicycling","Bicycling","","nombre_sin_espanol | pasos_sin_espanol | equipo_sin_confirmar | sin_video_o_gif_compatible","https://github.com/yuhonas/free-exercise-db/blob/main/exercises/Bicycling.json"
"Bicycling_Stationary","Bicycling, Stationary","","nombre_sin_espanol | pasos_sin_espanol | sin_video_o_gif_compatible","https://github.com/yuhonas/free-exercise-db/blob/main/exercises/Bicycling_Stationary.json"
"Board_Press","Board Press","","nombre_sin_espanol | pasos_sin_espanol | sin_video_o_gif_compatible","https://github.com/yuhonas/free-exercise-db/blob/main/exercises/Board_Press.json"
"Body-Up","Body-Up","","nombre_sin_espanol | pasos_sin_espanol | sin_video_o_gif_compatible","https://github.com/yuhonas/free-exercise-db/blob/main/exercises/Body-Up.json"
"Body_Tricep_Press","Body Tricep Press","","nombre_sin_espanol | pasos_sin_espanol | sin_video_o_gif_compatible","https://github.com/yuhonas/free-exercise-db/blob/main/exercises/Body_Tricep_Press.json"
"Bodyweight_Flyes","Bodyweight Flyes","","nombre_sin_espanol | pasos_sin_espanol | sin_video_o_gif_compatible","https://github.com/yuhonas/free-exercise-db/blob/main/exercises/Bodyweight_Flyes.json"
"Bodyweight_Mid_Row","Bodyweight Mid Row","","nombre_sin_espanol | pasos_sin_espanol | equipo_sin_confirmar | sin_video_o_gif_compatible","https://github.com/yuhonas/free-exercise-db/blob/main/exercises/Bodyweight_Mid_Row.json"
"Bodyweight_Walking_Lunge","Bodyweight Walking Lunge","Zancadas caminando","sin_video_o_gif_compatible","https://github.com/yuhonas/free-exercise-db/blob/main/exercises/Bodyweight_Walking_Lunge.json | https://www.mayoclinic.org/healthy-lifestyle/fitness/multimedia/lunge/vid-20084662"
"Bosu_Ball_Cable_Crunch_With_Side_Bends","Bosu Ball Cable Crunch With Side Bends","","nombre_sin_espanol | pasos_sin_espanol | sin_video_o_gif_compatible","https://github.com/yuhonas/free-exercise-db/blob/main/exercises/Bosu_Ball_Cable_Crunch_With_Side_Bends.json"
"Bottoms-Up_Clean_From_The_Hang_Position","Bottoms-Up Clean From The Hang Position","","nombre_sin_espanol | pasos_sin_espanol | sin_video_o_gif_compatible","https://github.com/yuhonas/free-exercise-db/blob/main/exercises/Bottoms-Up_Clean_From_The_Hang_Position.json"
"Bottoms_Up","Bottoms Up","","nombre_sin_espanol | pasos_sin_espanol | sin_video_o_gif_compatible","https://github.com/yuhonas/free-exercise-db/blob/main/exercises/Bottoms_Up.json"
"Box_Jump_Multiple_Response","Box Jump (Multiple Response)","","nombre_sin_espanol | pasos_sin_espanol | equipo_sin_confirmar | sin_video_o_gif_compatible","https://github.com/yuhonas/free-exercise-db/blob/main/exercises/Box_Jump_Multiple_Response.json"
"Box_Skip","Box Skip","","nombre_sin_espanol | pasos_sin_espanol | equipo_sin_confirmar | sin_video_o_gif_compatible","https://github.com/yuhonas/free-exercise-db/blob/main/exercises/Box_Skip.json"
"Box_Squat","Box Squat","Sentadilla al Cajón","sin_video_o_gif_compatible","https://github.com/yuhonas/free-exercise-db/blob/main/exercises/Box_Squat.json | https://wger.de/en/exercise/977/view/"
"Box_Squat_with_Bands","Box Squat with Bands","","nombre_sin_espanol | pasos_sin_espanol | sin_video_o_gif_compatible","https://github.com/yuhonas/free-exercise-db/blob/main/exercises/Box_Squat_with_Bands.json"
"Box_Squat_with_Chains","Box Squat with Chains","","nombre_sin_espanol | pasos_sin_espanol | sin_video_o_gif_compatible","https://github.com/yuhonas/free-exercise-db/blob/main/exercises/Box_Squat_with_Chains.json"
"Brachialis-SMR","Brachialis-SMR","","nombre_sin_espanol | pasos_sin_espanol | sin_video_o_gif_compatible","https://github.com/yuhonas/free-exercise-db/blob/main/exercises/Brachialis-SMR.json"
"Bradford_Rocky_Presses","Bradford/Rocky Presses","","nombre_sin_espanol | pasos_sin_espanol | sin_video_o_gif_compatible","https://github.com/yuhonas/free-exercise-db/blob/main/exercises/Bradford_Rocky_Presses.json"
"Butt-Ups","Butt-Ups","","nombre_sin_espanol | pasos_sin_espanol | sin_video_o_gif_compatible","https://github.com/yuhonas/free-exercise-db/blob/main/exercises/Butt-Ups.json"
"Butt_Lift_Bridge","Butt Lift (Bridge)","Puente de glúteos","sin_video_o_gif_compatible","https://github.com/yuhonas/free-exercise-db/blob/main/exercises/Butt_Lift_Bridge.json | https://www.acefitness.org/resources/everyone/exercise-library/"
"Butterfly","Butterfly","Aperturas en máquina","sin_video_o_gif_compatible","https://github.com/yuhonas/free-exercise-db/blob/main/exercises/Butterfly.json | https://wger.de/en/exercise/135/view/"
"Cable_Chest_Press","Cable Chest Press","","nombre_sin_espanol | pasos_sin_espanol | sin_video_o_gif_compatible","https://github.com/yuhonas/free-exercise-db/blob/main/exercises/Cable_Chest_Press.json"
"Cable_Crossover","Cable Crossover","","nombre_sin_espanol | pasos_sin_espanol | sin_video_o_gif_compatible","https://github.com/yuhonas/free-exercise-db/blob/main/exercises/Cable_Crossover.json"
"Cable_Crunch","Cable Crunch","","nombre_sin_espanol | pasos_sin_espanol | sin_video_o_gif_compatible","https://github.com/yuhonas/free-exercise-db/blob/main/exercises/Cable_Crunch.json"
"Cable_Deadlifts","Cable Deadlifts","","nombre_sin_espanol | pasos_sin_espanol | sin_video_o_gif_compatible","https://github.com/yuhonas/free-exercise-db/blob/main/exercises/Cable_Deadlifts.json"
"Cable_Hammer_Curls_-_Rope_Attachment","Cable Hammer Curls - Rope Attachment","","nombre_sin_espanol | pasos_sin_espanol | sin_video_o_gif_compatible","https://github.com/yuhonas/free-exercise-db/blob/main/exercises/Cable_Hammer_Curls_-_Rope_Attachment.json"
"Cable_Hip_Adduction","Cable Hip Adduction","","nombre_sin_espanol | pasos_sin_espanol | sin_video_o_gif_compatible","https://github.com/yuhonas/free-exercise-db/blob/main/exercises/Cable_Hip_Adduction.json"
"Cable_Incline_Pushdown","Cable Incline Pushdown","","nombre_sin_espanol | pasos_sin_espanol | sin_video_o_gif_compatible","https://github.com/yuhonas/free-exercise-db/blob/main/exercises/Cable_Incline_Pushdown.json"
"Cable_Incline_Triceps_Extension","Cable Incline Triceps Extension","","nombre_sin_espanol | pasos_sin_espanol | sin_video_o_gif_compatible","https://github.com/yuhonas/free-exercise-db/blob/main/exercises/Cable_Incline_Triceps_Extension.json"
"Cable_Internal_Rotation","Cable Internal Rotation","","nombre_sin_espanol | pasos_sin_espanol | sin_video_o_gif_compatible","https://github.com/yuhonas/free-exercise-db/blob/main/exercises/Cable_Internal_Rotation.json"
"Cable_Iron_Cross","Cable Iron Cross","","nombre_sin_espanol | pasos_sin_espanol | sin_video_o_gif_compatible","https://github.com/yuhonas/free-exercise-db/blob/main/exercises/Cable_Iron_Cross.json"
"Cable_Judo_Flip","Cable Judo Flip","","nombre_sin_espanol | pasos_sin_espanol | sin_video_o_gif_compatible","https://github.com/yuhonas/free-exercise-db/blob/main/exercises/Cable_Judo_Flip.json"
"Cable_Lying_Triceps_Extension","Cable Lying Triceps Extension","","nombre_sin_espanol | pasos_sin_espanol | sin_video_o_gif_compatible","https://github.com/yuhonas/free-exercise-db/blob/main/exercises/Cable_Lying_Triceps_Extension.json"
"Cable_One_Arm_Tricep_Extension","Cable One Arm Tricep Extension","","nombre_sin_espanol | pasos_sin_espanol | sin_video_o_gif_compatible","https://github.com/yuhonas/free-exercise-db/blob/main/exercises/Cable_One_Arm_Tricep_Extension.json"
"Cable_Preacher_Curl","Cable Preacher Curl","","nombre_sin_espanol | pasos_sin_espanol | sin_video_o_gif_compatible","https://github.com/yuhonas/free-exercise-db/blob/main/exercises/Cable_Preacher_Curl.json"
"Cable_Rear_Delt_Fly","Cable Rear Delt Fly","Aperturas Posteriores en Polea","sin_video_o_gif_compatible","https://github.com/yuhonas/free-exercise-db/blob/main/exercises/Cable_Rear_Delt_Fly.json | https://wger.de/en/exercise/822/view/"
"Cable_Reverse_Crunch","Cable Reverse Crunch","","nombre_sin_espanol | pasos_sin_espanol | sin_video_o_gif_compatible","https://github.com/yuhonas/free-exercise-db/blob/main/exercises/Cable_Reverse_Crunch.json"
"Cable_Rope_Overhead_Triceps_Extension","Cable Rope Overhead Triceps Extension","","nombre_sin_espanol | pasos_sin_espanol | sin_video_o_gif_compatible","https://github.com/yuhonas/free-exercise-db/blob/main/exercises/Cable_Rope_Overhead_Triceps_Extension.json"
"Cable_Rope_Rear-Delt_Rows","Cable Rope Rear-Delt Rows","","nombre_sin_espanol | pasos_sin_espanol | sin_video_o_gif_compatible","https://github.com/yuhonas/free-exercise-db/blob/main/exercises/Cable_Rope_Rear-Delt_Rows.json"
"Cable_Russian_Twists","Cable Russian Twists","","nombre_sin_espanol | pasos_sin_espanol | sin_video_o_gif_compatible","https://github.com/yuhonas/free-exercise-db/blob/main/exercises/Cable_Russian_Twists.json"
"Cable_Seated_Crunch","Cable Seated Crunch","","nombre_sin_espanol | pasos_sin_espanol | sin_video_o_gif_compatible","https://github.com/yuhonas/free-exercise-db/blob/main/exercises/Cable_Seated_Crunch.json"
"Cable_Seated_Lateral_Raise","Cable Seated Lateral Raise","","nombre_sin_espanol | pasos_sin_espanol | sin_video_o_gif_compatible","https://github.com/yuhonas/free-exercise-db/blob/main/exercises/Cable_Seated_Lateral_Raise.json"
"Cable_Shoulder_Press","Cable Shoulder Press","","nombre_sin_espanol | pasos_sin_espanol | sin_video_o_gif_compatible","https://github.com/yuhonas/free-exercise-db/blob/main/exercises/Cable_Shoulder_Press.json"
"Cable_Shrugs","Cable Shrugs","","nombre_sin_espanol | pasos_sin_espanol | sin_video_o_gif_compatible","https://github.com/yuhonas/free-exercise-db/blob/main/exercises/Cable_Shrugs.json"
"Cable_Wrist_Curl","Cable Wrist Curl","","nombre_sin_espanol | pasos_sin_espanol | sin_video_o_gif_compatible","https://github.com/yuhonas/free-exercise-db/blob/main/exercises/Cable_Wrist_Curl.json"
"Calf-Machine_Shoulder_Shrug","Calf-Machine Shoulder Shrug","","nombre_sin_espanol | pasos_sin_espanol | sin_video_o_gif_compatible","https://github.com/yuhonas/free-exercise-db/blob/main/exercises/Calf-Machine_Shoulder_Shrug.json"
"Calf_Press","Calf Press","","nombre_sin_espanol | pasos_sin_espanol | sin_video_o_gif_compatible","https://github.com/yuhonas/free-exercise-db/blob/main/exercises/Calf_Press.json"
"Calf_Press_On_The_Leg_Press_Machine","Calf Press On The Leg Press Machine","","nombre_sin_espanol | pasos_sin_espanol | sin_video_o_gif_compatible","https://github.com/yuhonas/free-exercise-db/blob/main/exercises/Calf_Press_On_The_Leg_Press_Machine.json"
"Calf_Raise_On_A_Dumbbell","Calf Raise On A Dumbbell","","nombre_sin_espanol | pasos_sin_espanol | sin_video_o_gif_compatible","https://github.com/yuhonas/free-exercise-db/blob/main/exercises/Calf_Raise_On_A_Dumbbell.json"
"Calf_Raises_-_With_Bands","Calf Raises - With Bands","","nombre_sin_espanol | pasos_sin_espanol | sin_video_o_gif_compatible","https://github.com/yuhonas/free-exercise-db/blob/main/exercises/Calf_Raises_-_With_Bands.json"
"Calf_Stretch_Elbows_Against_Wall","Calf Stretch Elbows Against Wall","","nombre_sin_espanol | pasos_sin_espanol | sin_video_o_gif_compatible","https://github.com/yuhonas/free-exercise-db/blob/main/exercises/Calf_Stretch_Elbows_Against_Wall.json"
"Calf_Stretch_Hands_Against_Wall","Calf Stretch Hands Against Wall","","nombre_sin_espanol | pasos_sin_espanol | sin_video_o_gif_compatible","https://github.com/yuhonas/free-exercise-db/blob/main/exercises/Calf_Stretch_Hands_Against_Wall.json"
"Calves-SMR","Calves-SMR","","nombre_sin_espanol | pasos_sin_espanol | sin_video_o_gif_compatible","https://github.com/yuhonas/free-exercise-db/blob/main/exercises/Calves-SMR.json"
"Car_Deadlift","Car Deadlift","","nombre_sin_espanol | pasos_sin_espanol | equipo_sin_confirmar | sin_video_o_gif_compatible","https://github.com/yuhonas/free-exercise-db/blob/main/exercises/Car_Deadlift.json"
"Car_Drivers","Car Drivers","","nombre_sin_espanol | pasos_sin_espanol | sin_video_o_gif_compatible","https://github.com/yuhonas/free-exercise-db/blob/main/exercises/Car_Drivers.json"
"Carioca_Quick_Step","Carioca Quick Step","","nombre_sin_espanol | pasos_sin_espanol | sin_video_o_gif_compatible","https://github.com/yuhonas/free-exercise-db/blob/main/exercises/Carioca_Quick_Step.json"
"Cat_Stretch","Cat Stretch","Estiramiento del gato","sin_video_o_gif_compatible","https://github.com/yuhonas/free-exercise-db/blob/main/exercises/Cat_Stretch.json | https://www.acefitness.org/resources/everyone/exercise-library/"
"Catch_and_Overhead_Throw","Catch and Overhead Throw","","nombre_sin_espanol | pasos_sin_espanol | sin_video_o_gif_compatible","https://github.com/yuhonas/free-exercise-db/blob/main/exercises/Catch_and_Overhead_Throw.json"
"Chain_Handle_Extension","Chain Handle Extension","","nombre_sin_espanol | pasos_sin_espanol | equipo_sin_confirmar | sin_video_o_gif_compatible","https://github.com/yuhonas/free-exercise-db/blob/main/exercises/Chain_Handle_Extension.json"
"Chain_Press","Chain Press","","nombre_sin_espanol | pasos_sin_espanol | equipo_sin_confirmar | sin_video_o_gif_compatible","https://github.com/yuhonas/free-exercise-db/blob/main/exercises/Chain_Press.json"
"Chair_Leg_Extended_Stretch","Chair Leg Extended Stretch","","nombre_sin_espanol | pasos_sin_espanol | equipo_sin_confirmar | sin_video_o_gif_compatible","https://github.com/yuhonas/free-exercise-db/blob/main/exercises/Chair_Leg_Extended_Stretch.json"
"Chair_Lower_Back_Stretch","Chair Lower Back Stretch","","nombre_sin_espanol | pasos_sin_espanol | sin_video_o_gif_compatible","https://github.com/yuhonas/free-exercise-db/blob/main/exercises/Chair_Lower_Back_Stretch.json"
"Chair_Squat","Chair Squat","","nombre_sin_espanol | pasos_sin_espanol | sin_video_o_gif_compatible","https://github.com/yuhonas/free-exercise-db/blob/main/exercises/Chair_Squat.json"
"Chair_Upper_Body_Stretch","Chair Upper Body Stretch","","nombre_sin_espanol | pasos_sin_espanol | equipo_sin_confirmar | sin_video_o_gif_compatible","https://github.com/yuhonas/free-exercise-db/blob/main/exercises/Chair_Upper_Body_Stretch.json"
"Chest_And_Front_Of_Shoulder_Stretch","Chest And Front Of Shoulder Stretch","","nombre_sin_espanol | pasos_sin_espanol | equipo_sin_confirmar | sin_video_o_gif_compatible","https://github.com/yuhonas/free-exercise-db/blob/main/exercises/Chest_And_Front_Of_Shoulder_Stretch.json"
"Chest_Push_from_3_point_stance","Chest Push from 3 point stance","","nombre_sin_espanol | pasos_sin_espanol | sin_video_o_gif_compatible","https://github.com/yuhonas/free-exercise-db/blob/main/exercises/Chest_Push_from_3_point_stance.json"
"Chest_Push_multiple_response","Chest Push (multiple response)","","nombre_sin_espanol | pasos_sin_espanol | sin_video_o_gif_compatible","https://github.com/yuhonas/free-exercise-db/blob/main/exercises/Chest_Push_multiple_response.json"
"Chest_Push_single_response","Chest Push (single response)","","nombre_sin_espanol | pasos_sin_espanol | sin_video_o_gif_compatible","https://github.com/yuhonas/free-exercise-db/blob/main/exercises/Chest_Push_single_response.json"
"Chest_Push_with_Run_Release","Chest Push with Run Release","","nombre_sin_espanol | pasos_sin_espanol | sin_video_o_gif_compatible","https://github.com/yuhonas/free-exercise-db/blob/main/exercises/Chest_Push_with_Run_Release.json"
"Chest_Stretch_on_Stability_Ball","Chest Stretch on Stability Ball","","nombre_sin_espanol | pasos_sin_espanol | sin_video_o_gif_compatible","https://github.com/yuhonas/free-exercise-db/blob/main/exercises/Chest_Stretch_on_Stability_Ball.json"
"Childs_Pose","Child's Pose","Postura del Niño","sin_video_o_gif_compatible","https://github.com/yuhonas/free-exercise-db/blob/main/exercises/Childs_Pose.json | https://wger.de/en/exercise/1002/view/"
"Chin-Up","Chin-Up","Dominadas con Agarre Supino","sin_video_o_gif_compatible","https://github.com/yuhonas/free-exercise-db/blob/main/exercises/Chin-Up.json | https://wger.de/en/exercise/152/view/"
"Chin_To_Chest_Stretch","Chin To Chest Stretch","","nombre_sin_espanol | pasos_sin_espanol | sin_video_o_gif_compatible","https://github.com/yuhonas/free-exercise-db/blob/main/exercises/Chin_To_Chest_Stretch.json"
"Circus_Bell","Circus Bell","","nombre_sin_espanol | pasos_sin_espanol | equipo_sin_confirmar | sin_video_o_gif_compatible","https://github.com/yuhonas/free-exercise-db/blob/main/exercises/Circus_Bell.json"
"Clean","Clean","","nombre_sin_espanol | pasos_sin_espanol | sin_video_o_gif_compatible","https://github.com/yuhonas/free-exercise-db/blob/main/exercises/Clean.json | https://wger.de/en/exercise/1438/view/"
"Clean_Deadlift","Clean Deadlift","","nombre_sin_espanol | pasos_sin_espanol | sin_video_o_gif_compatible","https://github.com/yuhonas/free-exercise-db/blob/main/exercises/Clean_Deadlift.json"
"Clean_Pull","Clean Pull","","nombre_sin_espanol | pasos_sin_espanol | sin_video_o_gif_compatible","https://github.com/yuhonas/free-exercise-db/blob/main/exercises/Clean_Pull.json"
"Clean_Shrug","Clean Shrug","","nombre_sin_espanol | pasos_sin_espanol | sin_video_o_gif_compatible","https://github.com/yuhonas/free-exercise-db/blob/main/exercises/Clean_Shrug.json"
"Clean_and_Jerk","Clean and Jerk","","nombre_sin_espanol | pasos_sin_espanol | sin_video_o_gif_compatible","https://github.com/yuhonas/free-exercise-db/blob/main/exercises/Clean_and_Jerk.json"
"Clean_and_Press","Clean and Press","Cargada y press","sin_video_o_gif_compatible","https://github.com/yuhonas/free-exercise-db/blob/main/exercises/Clean_and_Press.json | https://wger.de/en/exercise/1901/view/"
"Clean_from_Blocks","Clean from Blocks","","nombre_sin_espanol | pasos_sin_espanol | sin_video_o_gif_compatible","https://github.com/yuhonas/free-exercise-db/blob/main/exercises/Clean_from_Blocks.json"
"Clock_Push-Up","Clock Push-Up","","nombre_sin_espanol | pasos_sin_espanol | sin_video_o_gif_compatible","https://github.com/yuhonas/free-exercise-db/blob/main/exercises/Clock_Push-Up.json"
"Close-Grip_Barbell_Bench_Press","Close-Grip Barbell Bench Press","","nombre_sin_espanol | pasos_sin_espanol | sin_video_o_gif_compatible","https://github.com/yuhonas/free-exercise-db/blob/main/exercises/Close-Grip_Barbell_Bench_Press.json"
"Close-Grip_Dumbbell_Press","Close-Grip Dumbbell Press","","nombre_sin_espanol | pasos_sin_espanol | sin_video_o_gif_compatible","https://github.com/yuhonas/free-exercise-db/blob/main/exercises/Close-Grip_Dumbbell_Press.json"
"Close-Grip_EZ-Bar_Curl_with_Band","Close-Grip EZ-Bar Curl with Band","","nombre_sin_espanol | pasos_sin_espanol | sin_video_o_gif_compatible","https://github.com/yuhonas/free-exercise-db/blob/main/exercises/Close-Grip_EZ-Bar_Curl_with_Band.json"
"Close-Grip_EZ-Bar_Press","Close-Grip EZ-Bar Press","","nombre_sin_espanol | pasos_sin_espanol | sin_video_o_gif_compatible","https://github.com/yuhonas/free-exercise-db/blob/main/exercises/Close-Grip_EZ-Bar_Press.json"
"Close-Grip_EZ_Bar_Curl","Close-Grip EZ Bar Curl","","nombre_sin_espanol | pasos_sin_espanol | sin_video_o_gif_compatible","https://github.com/yuhonas/free-exercise-db/blob/main/exercises/Close-Grip_EZ_Bar_Curl.json"
"Close-Grip_Front_Lat_Pulldown","Close-Grip Front Lat Pulldown","","nombre_sin_espanol | pasos_sin_espanol | sin_video_o_gif_compatible","https://github.com/yuhonas/free-exercise-db/blob/main/exercises/Close-Grip_Front_Lat_Pulldown.json"
"Close-Grip_Push-Up_off_of_a_Dumbbell","Close-Grip Push-Up off of a Dumbbell","","nombre_sin_espanol | pasos_sin_espanol | sin_video_o_gif_compatible","https://github.com/yuhonas/free-exercise-db/blob/main/exercises/Close-Grip_Push-Up_off_of_a_Dumbbell.json"
"Close-Grip_Standing_Barbell_Curl","Close-Grip Standing Barbell Curl","","nombre_sin_espanol | pasos_sin_espanol | sin_video_o_gif_compatible","https://github.com/yuhonas/free-exercise-db/blob/main/exercises/Close-Grip_Standing_Barbell_Curl.json"
"Cocoons","Cocoons","","nombre_sin_espanol | pasos_sin_espanol | sin_video_o_gif_compatible","https://github.com/yuhonas/free-exercise-db/blob/main/exercises/Cocoons.json"
"Conans_Wheel","Conan's Wheel","","nombre_sin_espanol | pasos_sin_espanol | equipo_sin_confirmar | sin_video_o_gif_compatible","https://github.com/yuhonas/free-exercise-db/blob/main/exercises/Conans_Wheel.json"
"Concentration_Curls","Concentration Curls","","nombre_sin_espanol | pasos_sin_espanol | sin_video_o_gif_compatible","https://github.com/yuhonas/free-exercise-db/blob/main/exercises/Concentration_Curls.json"
"Cross-Body_Crunch","Cross-Body Crunch","","nombre_sin_espanol | pasos_sin_espanol | sin_video_o_gif_compatible","https://github.com/yuhonas/free-exercise-db/blob/main/exercises/Cross-Body_Crunch.json"
"Cross_Body_Hammer_Curl","Cross Body Hammer Curl","","nombre_sin_espanol | pasos_sin_espanol | sin_video_o_gif_compatible","https://github.com/yuhonas/free-exercise-db/blob/main/exercises/Cross_Body_Hammer_Curl.json"
"Cross_Over_-_With_Bands","Cross Over - With Bands","","nombre_sin_espanol | pasos_sin_espanol | sin_video_o_gif_compatible","https://github.com/yuhonas/free-exercise-db/blob/main/exercises/Cross_Over_-_With_Bands.json"
"Crossover_Reverse_Lunge","Crossover Reverse Lunge","","nombre_sin_espanol | pasos_sin_espanol | sin_video_o_gif_compatible","https://github.com/yuhonas/free-exercise-db/blob/main/exercises/Crossover_Reverse_Lunge.json"
"Crucifix","Crucifix","","nombre_sin_espanol | pasos_sin_espanol | equipo_sin_confirmar | sin_video_o_gif_compatible","https://github.com/yuhonas/free-exercise-db/blob/main/exercises/Crucifix.json"
"Crunch_-_Hands_Overhead","Crunch - Hands Overhead","","nombre_sin_espanol | pasos_sin_espanol | sin_video_o_gif_compatible","https://github.com/yuhonas/free-exercise-db/blob/main/exercises/Crunch_-_Hands_Overhead.json"
"Crunch_-_Legs_On_Exercise_Ball","Crunch - Legs On Exercise Ball","","nombre_sin_espanol | pasos_sin_espanol | sin_video_o_gif_compatible","https://github.com/yuhonas/free-exercise-db/blob/main/exercises/Crunch_-_Legs_On_Exercise_Ball.json"
"Crunches","Crunches","Abdominales","sin_video_o_gif_compatible","https://github.com/yuhonas/free-exercise-db/blob/main/exercises/Crunches.json | https://wger.de/en/exercise/167/view/"
"Cuban_Press","Cuban Press","","nombre_sin_espanol | pasos_sin_espanol | sin_video_o_gif_compatible","https://github.com/yuhonas/free-exercise-db/blob/main/exercises/Cuban_Press.json"
"Dancers_Stretch","Dancer's Stretch","","nombre_sin_espanol | pasos_sin_espanol | sin_video_o_gif_compatible","https://github.com/yuhonas/free-exercise-db/blob/main/exercises/Dancers_Stretch.json"
"Dead_Bug","Dead Bug","Bicho muerto (dead bug)","pasos_sin_espanol | sin_video_o_gif_compatible","https://github.com/yuhonas/free-exercise-db/blob/main/exercises/Dead_Bug.json"
"Deadlift_with_Bands","Deadlift with Bands","","nombre_sin_espanol | pasos_sin_espanol | sin_video_o_gif_compatible","https://github.com/yuhonas/free-exercise-db/blob/main/exercises/Deadlift_with_Bands.json"
"Deadlift_with_Chains","Deadlift with Chains","","nombre_sin_espanol | pasos_sin_espanol | sin_video_o_gif_compatible","https://github.com/yuhonas/free-exercise-db/blob/main/exercises/Deadlift_with_Chains.json"
"Decline_Barbell_Bench_Press","Decline Barbell Bench Press","","nombre_sin_espanol | pasos_sin_espanol | sin_video_o_gif_compatible","https://github.com/yuhonas/free-exercise-db/blob/main/exercises/Decline_Barbell_Bench_Press.json"
"Decline_Close-Grip_Bench_To_Skull_Crusher","Decline Close-Grip Bench To Skull Crusher","","nombre_sin_espanol | pasos_sin_espanol | sin_video_o_gif_compatible","https://github.com/yuhonas/free-exercise-db/blob/main/exercises/Decline_Close-Grip_Bench_To_Skull_Crusher.json"
"Decline_Crunch","Decline Crunch","","nombre_sin_espanol | pasos_sin_espanol | sin_video_o_gif_compatible","https://github.com/yuhonas/free-exercise-db/blob/main/exercises/Decline_Crunch.json"
"Decline_Dumbbell_Bench_Press","Decline Dumbbell Bench Press","","nombre_sin_espanol | pasos_sin_espanol | sin_video_o_gif_compatible","https://github.com/yuhonas/free-exercise-db/blob/main/exercises/Decline_Dumbbell_Bench_Press.json"
"Decline_Dumbbell_Flyes","Decline Dumbbell Flyes","","nombre_sin_espanol | pasos_sin_espanol | sin_video_o_gif_compatible","https://github.com/yuhonas/free-exercise-db/blob/main/exercises/Decline_Dumbbell_Flyes.json"
"Decline_Dumbbell_Triceps_Extension","Decline Dumbbell Triceps Extension","","nombre_sin_espanol | pasos_sin_espanol | sin_video_o_gif_compatible","https://github.com/yuhonas/free-exercise-db/blob/main/exercises/Decline_Dumbbell_Triceps_Extension.json"
"Decline_EZ_Bar_Triceps_Extension","Decline EZ Bar Triceps Extension","","nombre_sin_espanol | pasos_sin_espanol | sin_video_o_gif_compatible","https://github.com/yuhonas/free-exercise-db/blob/main/exercises/Decline_EZ_Bar_Triceps_Extension.json"
"Decline_Oblique_Crunch","Decline Oblique Crunch","","nombre_sin_espanol | pasos_sin_espanol | sin_video_o_gif_compatible","https://github.com/yuhonas/free-exercise-db/blob/main/exercises/Decline_Oblique_Crunch.json"
"Decline_Push-Up","Decline Push-Up","","nombre_sin_espanol | pasos_sin_espanol | sin_video_o_gif_compatible","https://github.com/yuhonas/free-exercise-db/blob/main/exercises/Decline_Push-Up.json"
"Decline_Reverse_Crunch","Decline Reverse Crunch","","nombre_sin_espanol | pasos_sin_espanol | sin_video_o_gif_compatible","https://github.com/yuhonas/free-exercise-db/blob/main/exercises/Decline_Reverse_Crunch.json"
"Decline_Smith_Press","Decline Smith Press","","nombre_sin_espanol | pasos_sin_espanol | sin_video_o_gif_compatible","https://github.com/yuhonas/free-exercise-db/blob/main/exercises/Decline_Smith_Press.json"
"Deficit_Deadlift","Deficit Deadlift","Peso Muerto con Déficit","sin_video_o_gif_compatible","https://github.com/yuhonas/free-exercise-db/blob/main/exercises/Deficit_Deadlift.json | https://wger.de/en/exercise/189/view/"
"Depth_Jump_Leap","Depth Jump Leap","","nombre_sin_espanol | pasos_sin_espanol | equipo_sin_confirmar | sin_video_o_gif_compatible","https://github.com/yuhonas/free-exercise-db/blob/main/exercises/Depth_Jump_Leap.json"
"Dip_Machine","Dip Machine","","nombre_sin_espanol | pasos_sin_espanol | sin_video_o_gif_compatible","https://github.com/yuhonas/free-exercise-db/blob/main/exercises/Dip_Machine.json"
"Dips_-_Chest_Version","Dips - Chest Version","","nombre_sin_espanol | pasos_sin_espanol | equipo_sin_confirmar | sin_video_o_gif_compatible","https://github.com/yuhonas/free-exercise-db/blob/main/exercises/Dips_-_Chest_Version.json"
"Dips_-_Triceps_Version","Dips - Triceps Version","","nombre_sin_espanol | pasos_sin_espanol | sin_video_o_gif_compatible","https://github.com/yuhonas/free-exercise-db/blob/main/exercises/Dips_-_Triceps_Version.json"
"Donkey_Calf_Raises","Donkey Calf Raises","","nombre_sin_espanol | pasos_sin_espanol | equipo_sin_confirmar | sin_video_o_gif_compatible","https://github.com/yuhonas/free-exercise-db/blob/main/exercises/Donkey_Calf_Raises.json"
"Double_Kettlebell_Alternating_Hang_Clean","Double Kettlebell Alternating Hang Clean","","nombre_sin_espanol | pasos_sin_espanol | sin_video_o_gif_compatible","https://github.com/yuhonas/free-exercise-db/blob/main/exercises/Double_Kettlebell_Alternating_Hang_Clean.json"
"Double_Kettlebell_Jerk","Double Kettlebell Jerk","","nombre_sin_espanol | pasos_sin_espanol | sin_video_o_gif_compatible","https://github.com/yuhonas/free-exercise-db/blob/main/exercises/Double_Kettlebell_Jerk.json"
"Double_Kettlebell_Push_Press","Double Kettlebell Push Press","","nombre_sin_espanol | pasos_sin_espanol | sin_video_o_gif_compatible","https://github.com/yuhonas/free-exercise-db/blob/main/exercises/Double_Kettlebell_Push_Press.json"
"Double_Kettlebell_Snatch","Double Kettlebell Snatch","","nombre_sin_espanol | pasos_sin_espanol | sin_video_o_gif_compatible","https://github.com/yuhonas/free-exercise-db/blob/main/exercises/Double_Kettlebell_Snatch.json"
"Double_Kettlebell_Windmill","Double Kettlebell Windmill","","nombre_sin_espanol | pasos_sin_espanol | sin_video_o_gif_compatible","https://github.com/yuhonas/free-exercise-db/blob/main/exercises/Double_Kettlebell_Windmill.json"
"Double_Leg_Butt_Kick","Double Leg Butt Kick","","nombre_sin_espanol | pasos_sin_espanol | sin_video_o_gif_compatible","https://github.com/yuhonas/free-exercise-db/blob/main/exercises/Double_Leg_Butt_Kick.json"
"Downward_Facing_Balance","Downward Facing Balance","","nombre_sin_espanol | pasos_sin_espanol | sin_video_o_gif_compatible","https://github.com/yuhonas/free-exercise-db/blob/main/exercises/Downward_Facing_Balance.json"
"Drag_Curl","Drag Curl","","nombre_sin_espanol | pasos_sin_espanol | sin_video_o_gif_compatible","https://github.com/yuhonas/free-exercise-db/blob/main/exercises/Drag_Curl.json"
"Drop_Push","Drop Push","","nombre_sin_espanol | pasos_sin_espanol | equipo_sin_confirmar | sin_video_o_gif_compatible","https://github.com/yuhonas/free-exercise-db/blob/main/exercises/Drop_Push.json"
"Dumbbell_Alternate_Bicep_Curl","Dumbbell Alternate Bicep Curl","","nombre_sin_espanol | pasos_sin_espanol | sin_video_o_gif_compatible","https://github.com/yuhonas/free-exercise-db/blob/main/exercises/Dumbbell_Alternate_Bicep_Curl.json"
"Dumbbell_Bench_Press_with_Neutral_Grip","Dumbbell Bench Press with Neutral Grip","","nombre_sin_espanol | pasos_sin_espanol | sin_video_o_gif_compatible","https://github.com/yuhonas/free-exercise-db/blob/main/exercises/Dumbbell_Bench_Press_with_Neutral_Grip.json"
"Dumbbell_Clean","Dumbbell Clean","","nombre_sin_espanol | pasos_sin_espanol | sin_video_o_gif_compatible","https://github.com/yuhonas/free-exercise-db/blob/main/exercises/Dumbbell_Clean.json"
"Dumbbell_Floor_Press","Dumbbell Floor Press","Press de suelo con mancuernas","sin_video_o_gif_compatible","https://github.com/yuhonas/free-exercise-db/blob/main/exercises/Dumbbell_Floor_Press.json | https://wger.de/en/exercise/1084/view/"
"Dumbbell_Flyes","Dumbbell Flyes","Aperturas con mancuernas","pasos_sin_espanol | sin_video_o_gif_compatible","https://github.com/yuhonas/free-exercise-db/blob/main/exercises/Dumbbell_Flyes.json"
"Dumbbell_Incline_Row","Dumbbell Incline Row","","nombre_sin_espanol | pasos_sin_espanol | sin_video_o_gif_compatible","https://github.com/yuhonas/free-exercise-db/blob/main/exercises/Dumbbell_Incline_Row.json"
"Dumbbell_Incline_Shoulder_Raise","Dumbbell Incline Shoulder Raise","","nombre_sin_espanol | pasos_sin_espanol | sin_video_o_gif_compatible","https://github.com/yuhonas/free-exercise-db/blob/main/exercises/Dumbbell_Incline_Shoulder_Raise.json"
"Dumbbell_Lying_One-Arm_Rear_Lateral_Raise","Dumbbell Lying One-Arm Rear Lateral Raise","","nombre_sin_espanol | pasos_sin_espanol | sin_video_o_gif_compatible","https://github.com/yuhonas/free-exercise-db/blob/main/exercises/Dumbbell_Lying_One-Arm_Rear_Lateral_Raise.json"
"Dumbbell_Lying_Pronation","Dumbbell Lying Pronation","","nombre_sin_espanol | pasos_sin_espanol | sin_video_o_gif_compatible","https://github.com/yuhonas/free-exercise-db/blob/main/exercises/Dumbbell_Lying_Pronation.json"
"Dumbbell_Lying_Rear_Lateral_Raise","Dumbbell Lying Rear Lateral Raise","","nombre_sin_espanol | pasos_sin_espanol | sin_video_o_gif_compatible","https://github.com/yuhonas/free-exercise-db/blob/main/exercises/Dumbbell_Lying_Rear_Lateral_Raise.json"
"Dumbbell_Lying_Supination","Dumbbell Lying Supination","","nombre_sin_espanol | pasos_sin_espanol | sin_video_o_gif_compatible","https://github.com/yuhonas/free-exercise-db/blob/main/exercises/Dumbbell_Lying_Supination.json"
"Dumbbell_One-Arm_Shoulder_Press","Dumbbell One-Arm Shoulder Press","","nombre_sin_espanol | pasos_sin_espanol | sin_video_o_gif_compatible","https://github.com/yuhonas/free-exercise-db/blob/main/exercises/Dumbbell_One-Arm_Shoulder_Press.json"
"Dumbbell_One-Arm_Triceps_Extension","Dumbbell One-Arm Triceps Extension","","nombre_sin_espanol | pasos_sin_espanol | sin_video_o_gif_compatible","https://github.com/yuhonas/free-exercise-db/blob/main/exercises/Dumbbell_One-Arm_Triceps_Extension.json"
"Dumbbell_One-Arm_Upright_Row","Dumbbell One-Arm Upright Row","","nombre_sin_espanol | pasos_sin_espanol | sin_video_o_gif_compatible","https://github.com/yuhonas/free-exercise-db/blob/main/exercises/Dumbbell_One-Arm_Upright_Row.json"
"Dumbbell_Prone_Incline_Curl","Dumbbell Prone Incline Curl","","nombre_sin_espanol | pasos_sin_espanol | sin_video_o_gif_compatible","https://github.com/yuhonas/free-exercise-db/blob/main/exercises/Dumbbell_Prone_Incline_Curl.json"
"Dumbbell_Raise","Dumbbell Raise","","nombre_sin_espanol | pasos_sin_espanol | sin_video_o_gif_compatible","https://github.com/yuhonas/free-exercise-db/blob/main/exercises/Dumbbell_Raise.json"
"Dumbbell_Rear_Lunge","Dumbbell Rear Lunge","Zancada hacia atrás con mancuernas","sin_video_o_gif_compatible","https://github.com/yuhonas/free-exercise-db/blob/main/exercises/Dumbbell_Rear_Lunge.json | https://wger.de/en/exercise/1651/view/"
"Dumbbell_Scaption","Dumbbell Scaption","Scaption con mancuernas","sin_video_o_gif_compatible","https://github.com/yuhonas/free-exercise-db/blob/main/exercises/Dumbbell_Scaption.json | https://wger.de/en/exercise/1602/view/"
"Dumbbell_Seated_Box_Jump","Dumbbell Seated Box Jump","","nombre_sin_espanol | pasos_sin_espanol | sin_video_o_gif_compatible","https://github.com/yuhonas/free-exercise-db/blob/main/exercises/Dumbbell_Seated_Box_Jump.json"
"Dumbbell_Seated_One-Leg_Calf_Raise","Dumbbell Seated One-Leg Calf Raise","","nombre_sin_espanol | pasos_sin_espanol | sin_video_o_gif_compatible","https://github.com/yuhonas/free-exercise-db/blob/main/exercises/Dumbbell_Seated_One-Leg_Calf_Raise.json"
"Dumbbell_Shrug","Dumbbell Shrug","","nombre_sin_espanol | pasos_sin_espanol | sin_video_o_gif_compatible","https://github.com/yuhonas/free-exercise-db/blob/main/exercises/Dumbbell_Shrug.json"
"Dumbbell_Side_Bend","Dumbbell Side Bend","Flexión lateral con mancuerna","sin_video_o_gif_compatible","https://github.com/yuhonas/free-exercise-db/blob/main/exercises/Dumbbell_Side_Bend.json | https://wger.de/en/exercise/1650/view/"
"Dumbbell_Squat","Dumbbell Squat","","nombre_sin_espanol | pasos_sin_espanol | sin_video_o_gif_compatible","https://github.com/yuhonas/free-exercise-db/blob/main/exercises/Dumbbell_Squat.json"
"Dumbbell_Squat_To_A_Bench","Dumbbell Squat To A Bench","","nombre_sin_espanol | pasos_sin_espanol | sin_video_o_gif_compatible","https://github.com/yuhonas/free-exercise-db/blob/main/exercises/Dumbbell_Squat_To_A_Bench.json"
"Dumbbell_Step_Ups","Dumbbell Step Ups","","nombre_sin_espanol | pasos_sin_espanol | sin_video_o_gif_compatible","https://github.com/yuhonas/free-exercise-db/blob/main/exercises/Dumbbell_Step_Ups.json"
"Dumbbell_Tricep_Extension_-Pronated_Grip","Dumbbell Tricep Extension -Pronated Grip","","nombre_sin_espanol | pasos_sin_espanol | sin_video_o_gif_compatible","https://github.com/yuhonas/free-exercise-db/blob/main/exercises/Dumbbell_Tricep_Extension_-Pronated_Grip.json"
"Dynamic_Back_Stretch","Dynamic Back Stretch","","nombre_sin_espanol | pasos_sin_espanol | sin_video_o_gif_compatible","https://github.com/yuhonas/free-exercise-db/blob/main/exercises/Dynamic_Back_Stretch.json"
"Dynamic_Chest_Stretch","Dynamic Chest Stretch","","nombre_sin_espanol | pasos_sin_espanol | sin_video_o_gif_compatible","https://github.com/yuhonas/free-exercise-db/blob/main/exercises/Dynamic_Chest_Stretch.json"
"EZ-Bar_Curl","EZ-Bar Curl","","nombre_sin_espanol | pasos_sin_espanol | sin_video_o_gif_compatible","https://github.com/yuhonas/free-exercise-db/blob/main/exercises/EZ-Bar_Curl.json"
"EZ-Bar_Skullcrusher","EZ-Bar Skullcrusher","","nombre_sin_espanol | pasos_sin_espanol | sin_video_o_gif_compatible","https://github.com/yuhonas/free-exercise-db/blob/main/exercises/EZ-Bar_Skullcrusher.json"
"Elbow_Circles","Elbow Circles","","nombre_sin_espanol | pasos_sin_espanol | sin_video_o_gif_compatible","https://github.com/yuhonas/free-exercise-db/blob/main/exercises/Elbow_Circles.json"
"Elbow_to_Knee","Elbow to Knee","","nombre_sin_espanol | pasos_sin_espanol | sin_video_o_gif_compatible","https://github.com/yuhonas/free-exercise-db/blob/main/exercises/Elbow_to_Knee.json"
"Elbows_Back","Elbows Back","","nombre_sin_espanol | pasos_sin_espanol | sin_video_o_gif_compatible","https://github.com/yuhonas/free-exercise-db/blob/main/exercises/Elbows_Back.json"
"Elevated_Back_Lunge","Elevated Back Lunge","","nombre_sin_espanol | pasos_sin_espanol | sin_video_o_gif_compatible","https://github.com/yuhonas/free-exercise-db/blob/main/exercises/Elevated_Back_Lunge.json"
"Elevated_Cable_Rows","Elevated Cable Rows","","nombre_sin_espanol | pasos_sin_espanol | sin_video_o_gif_compatible","https://github.com/yuhonas/free-exercise-db/blob/main/exercises/Elevated_Cable_Rows.json"
"Elliptical_Trainer","Elliptical Trainer","","nombre_sin_espanol | pasos_sin_espanol | sin_video_o_gif_compatible","https://github.com/yuhonas/free-exercise-db/blob/main/exercises/Elliptical_Trainer.json"
"Exercise_Ball_Crunch","Exercise Ball Crunch","","nombre_sin_espanol | pasos_sin_espanol | sin_video_o_gif_compatible","https://github.com/yuhonas/free-exercise-db/blob/main/exercises/Exercise_Ball_Crunch.json"
"Exercise_Ball_Pull-In","Exercise Ball Pull-In","","nombre_sin_espanol | pasos_sin_espanol | sin_video_o_gif_compatible","https://github.com/yuhonas/free-exercise-db/blob/main/exercises/Exercise_Ball_Pull-In.json"
"Extended_Range_One-Arm_Kettlebell_Floor_Press","Extended Range One-Arm Kettlebell Floor Press","","nombre_sin_espanol | pasos_sin_espanol | sin_video_o_gif_compatible","https://github.com/yuhonas/free-exercise-db/blob/main/exercises/Extended_Range_One-Arm_Kettlebell_Floor_Press.json"
"External_Rotation","External Rotation","","nombre_sin_espanol | pasos_sin_espanol | sin_video_o_gif_compatible","https://github.com/yuhonas/free-exercise-db/blob/main/exercises/External_Rotation.json"
"External_Rotation_with_Band","External Rotation with Band","","nombre_sin_espanol | pasos_sin_espanol | sin_video_o_gif_compatible","https://github.com/yuhonas/free-exercise-db/blob/main/exercises/External_Rotation_with_Band.json"
"External_Rotation_with_Cable","External Rotation with Cable","","nombre_sin_espanol | pasos_sin_espanol | sin_video_o_gif_compatible","https://github.com/yuhonas/free-exercise-db/blob/main/exercises/External_Rotation_with_Cable.json"
"Face_Pull","Face Pull","","nombre_sin_espanol | pasos_sin_espanol | sin_video_o_gif_compatible","https://github.com/yuhonas/free-exercise-db/blob/main/exercises/Face_Pull.json"
"Farmers_Walk","Farmer's Walk","","nombre_sin_espanol | pasos_sin_espanol | equipo_sin_confirmar | sin_video_o_gif_compatible","https://github.com/yuhonas/free-exercise-db/blob/main/exercises/Farmers_Walk.json"
"Fast_Skipping","Fast Skipping","","nombre_sin_espanol | pasos_sin_espanol | sin_video_o_gif_compatible","https://github.com/yuhonas/free-exercise-db/blob/main/exercises/Fast_Skipping.json"
"Finger_Curls","Finger Curls","","nombre_sin_espanol | pasos_sin_espanol | sin_video_o_gif_compatible","https://github.com/yuhonas/free-exercise-db/blob/main/exercises/Finger_Curls.json"
"Flat_Bench_Cable_Flyes","Flat Bench Cable Flyes","","nombre_sin_espanol | pasos_sin_espanol | sin_video_o_gif_compatible","https://github.com/yuhonas/free-exercise-db/blob/main/exercises/Flat_Bench_Cable_Flyes.json"
"Flat_Bench_Leg_Pull-In","Flat Bench Leg Pull-In","","nombre_sin_espanol | pasos_sin_espanol | sin_video_o_gif_compatible","https://github.com/yuhonas/free-exercise-db/blob/main/exercises/Flat_Bench_Leg_Pull-In.json"
"Flat_Bench_Lying_Leg_Raise","Flat Bench Lying Leg Raise","","nombre_sin_espanol | pasos_sin_espanol | sin_video_o_gif_compatible","https://github.com/yuhonas/free-exercise-db/blob/main/exercises/Flat_Bench_Lying_Leg_Raise.json"
"Flexor_Incline_Dumbbell_Curls","Flexor Incline Dumbbell Curls","","nombre_sin_espanol | pasos_sin_espanol | sin_video_o_gif_compatible","https://github.com/yuhonas/free-exercise-db/blob/main/exercises/Flexor_Incline_Dumbbell_Curls.json"
"Floor_Glute-Ham_Raise","Floor Glute-Ham Raise","","nombre_sin_espanol | pasos_sin_espanol | sin_video_o_gif_compatible","https://github.com/yuhonas/free-exercise-db/blob/main/exercises/Floor_Glute-Ham_Raise.json"
"Floor_Press","Floor Press","","nombre_sin_espanol | pasos_sin_espanol | sin_video_o_gif_compatible","https://github.com/yuhonas/free-exercise-db/blob/main/exercises/Floor_Press.json"
"Floor_Press_with_Chains","Floor Press with Chains","","nombre_sin_espanol | pasos_sin_espanol | sin_video_o_gif_compatible","https://github.com/yuhonas/free-exercise-db/blob/main/exercises/Floor_Press_with_Chains.json"
"Flutter_Kicks","Flutter Kicks","Patadas de Aleteo","sin_video_o_gif_compatible","https://github.com/yuhonas/free-exercise-db/blob/main/exercises/Flutter_Kicks.json | https://wger.de/en/exercise/235/view/"
"Foot-SMR","Foot-SMR","","nombre_sin_espanol | pasos_sin_espanol | equipo_sin_confirmar | sin_video_o_gif_compatible","https://github.com/yuhonas/free-exercise-db/blob/main/exercises/Foot-SMR.json"
"Forward_Drag_with_Press","Forward Drag with Press","","nombre_sin_espanol | pasos_sin_espanol | equipo_sin_confirmar | sin_video_o_gif_compatible","https://github.com/yuhonas/free-exercise-db/blob/main/exercises/Forward_Drag_with_Press.json"
"Frankenstein_Squat","Frankenstein Squat","","nombre_sin_espanol | pasos_sin_espanol | sin_video_o_gif_compatible","https://github.com/yuhonas/free-exercise-db/blob/main/exercises/Frankenstein_Squat.json"
"Freehand_Jump_Squat","Freehand Jump Squat","","nombre_sin_espanol | pasos_sin_espanol | sin_video_o_gif_compatible","https://github.com/yuhonas/free-exercise-db/blob/main/exercises/Freehand_Jump_Squat.json"
"Frog_Hops","Frog Hops","","nombre_sin_espanol | pasos_sin_espanol | sin_video_o_gif_compatible","https://github.com/yuhonas/free-exercise-db/blob/main/exercises/Frog_Hops.json"
"Frog_Sit-Ups","Frog Sit-Ups","","nombre_sin_espanol | pasos_sin_espanol | sin_video_o_gif_compatible","https://github.com/yuhonas/free-exercise-db/blob/main/exercises/Frog_Sit-Ups.json"
"Front_Barbell_Squat","Front Barbell Squat","","nombre_sin_espanol | pasos_sin_espanol | sin_video_o_gif_compatible","https://github.com/yuhonas/free-exercise-db/blob/main/exercises/Front_Barbell_Squat.json"
"Front_Barbell_Squat_To_A_Bench","Front Barbell Squat To A Bench","","nombre_sin_espanol | pasos_sin_espanol | sin_video_o_gif_compatible","https://github.com/yuhonas/free-exercise-db/blob/main/exercises/Front_Barbell_Squat_To_A_Bench.json"
"Front_Box_Jump","Front Box Jump","","nombre_sin_espanol | pasos_sin_espanol | equipo_sin_confirmar | sin_video_o_gif_compatible","https://github.com/yuhonas/free-exercise-db/blob/main/exercises/Front_Box_Jump.json"
"Front_Cable_Raise","Front Cable Raise","","nombre_sin_espanol | pasos_sin_espanol | sin_video_o_gif_compatible","https://github.com/yuhonas/free-exercise-db/blob/main/exercises/Front_Cable_Raise.json"
"Front_Cone_Hops_or_hurdle_hops","Front Cone Hops (or hurdle hops)","","nombre_sin_espanol | pasos_sin_espanol | equipo_sin_confirmar | sin_video_o_gif_compatible","https://github.com/yuhonas/free-exercise-db/blob/main/exercises/Front_Cone_Hops_or_hurdle_hops.json"
"Front_Dumbbell_Raise","Front Dumbbell Raise","","nombre_sin_espanol | pasos_sin_espanol | sin_video_o_gif_compatible","https://github.com/yuhonas/free-exercise-db/blob/main/exercises/Front_Dumbbell_Raise.json"
"Front_Incline_Dumbbell_Raise","Front Incline Dumbbell Raise","","nombre_sin_espanol | pasos_sin_espanol | sin_video_o_gif_compatible","https://github.com/yuhonas/free-exercise-db/blob/main/exercises/Front_Incline_Dumbbell_Raise.json"
"Front_Leg_Raises","Front Leg Raises","","nombre_sin_espanol | pasos_sin_espanol | sin_video_o_gif_compatible","https://github.com/yuhonas/free-exercise-db/blob/main/exercises/Front_Leg_Raises.json"
"Front_Plate_Raise","Front Plate Raise","","nombre_sin_espanol | pasos_sin_espanol | equipo_sin_confirmar | sin_video_o_gif_compatible","https://github.com/yuhonas/free-exercise-db/blob/main/exercises/Front_Plate_Raise.json"
"Front_Raise_And_Pullover","Front Raise And Pullover","","nombre_sin_espanol | pasos_sin_espanol | sin_video_o_gif_compatible","https://github.com/yuhonas/free-exercise-db/blob/main/exercises/Front_Raise_And_Pullover.json"
"Front_Squat_Clean_Grip","Front Squat (Clean Grip)","","nombre_sin_espanol | pasos_sin_espanol | sin_video_o_gif_compatible","https://github.com/yuhonas/free-exercise-db/blob/main/exercises/Front_Squat_Clean_Grip.json"
"Front_Squats_With_Two_Kettlebells","Front Squats With Two Kettlebells","","nombre_sin_espanol | pasos_sin_espanol | sin_video_o_gif_compatible","https://github.com/yuhonas/free-exercise-db/blob/main/exercises/Front_Squats_With_Two_Kettlebells.json"
"Front_Two-Dumbbell_Raise","Front Two-Dumbbell Raise","","nombre_sin_espanol | pasos_sin_espanol | sin_video_o_gif_compatible","https://github.com/yuhonas/free-exercise-db/blob/main/exercises/Front_Two-Dumbbell_Raise.json"
"Full_Range-Of-Motion_Lat_Pulldown","Full Range-Of-Motion Lat Pulldown","","nombre_sin_espanol | pasos_sin_espanol | sin_video_o_gif_compatible","https://github.com/yuhonas/free-exercise-db/blob/main/exercises/Full_Range-Of-Motion_Lat_Pulldown.json"
"Gironda_Sternum_Chins","Gironda Sternum Chins","","nombre_sin_espanol | pasos_sin_espanol | equipo_sin_confirmar | sin_video_o_gif_compatible","https://github.com/yuhonas/free-exercise-db/blob/main/exercises/Gironda_Sternum_Chins.json"
"Glute_Ham_Raise","Glute Ham Raise","","nombre_sin_espanol | pasos_sin_espanol | sin_video_o_gif_compatible","https://github.com/yuhonas/free-exercise-db/blob/main/exercises/Glute_Ham_Raise.json | https://wger.de/en/exercise/2478/view/"
"Glute_Kickback","Glute Kickback","","nombre_sin_espanol | pasos_sin_espanol | sin_video_o_gif_compatible","https://github.com/yuhonas/free-exercise-db/blob/main/exercises/Glute_Kickback.json"
"Goblet_Squat","Goblet Squat","Sentadilla goblet","pasos_sin_espanol | sin_video_o_gif_compatible","https://github.com/yuhonas/free-exercise-db/blob/main/exercises/Goblet_Squat.json"
"Good_Morning","Good Morning","Good Morning","sin_video_o_gif_compatible","https://github.com/yuhonas/free-exercise-db/blob/main/exercises/Good_Morning.json | https://wger.de/en/exercise/1392/view/"
"Good_Morning_off_Pins","Good Morning off Pins","","nombre_sin_espanol | pasos_sin_espanol | sin_video_o_gif_compatible","https://github.com/yuhonas/free-exercise-db/blob/main/exercises/Good_Morning_off_Pins.json"
"Gorilla_Chin_Crunch","Gorilla Chin/Crunch","","nombre_sin_espanol | pasos_sin_espanol | sin_video_o_gif_compatible","https://github.com/yuhonas/free-exercise-db/blob/main/exercises/Gorilla_Chin_Crunch.json"
"Groin_and_Back_Stretch","Groin and Back Stretch","","nombre_sin_espanol | pasos_sin_espanol | sin_video_o_gif_compatible","https://github.com/yuhonas/free-exercise-db/blob/main/exercises/Groin_and_Back_Stretch.json"
"Groiners","Groiners","","nombre_sin_espanol | pasos_sin_espanol | sin_video_o_gif_compatible","https://github.com/yuhonas/free-exercise-db/blob/main/exercises/Groiners.json"
"Hack_Squat","Hack Squat","","nombre_sin_espanol | pasos_sin_espanol | sin_video_o_gif_compatible","https://github.com/yuhonas/free-exercise-db/blob/main/exercises/Hack_Squat.json"
"Hammer_Grip_Incline_DB_Bench_Press","Hammer Grip Incline DB Bench Press","","nombre_sin_espanol | pasos_sin_espanol | sin_video_o_gif_compatible","https://github.com/yuhonas/free-exercise-db/blob/main/exercises/Hammer_Grip_Incline_DB_Bench_Press.json"
"Hamstring-SMR","Hamstring-SMR","","nombre_sin_espanol | pasos_sin_espanol | sin_video_o_gif_compatible","https://github.com/yuhonas/free-exercise-db/blob/main/exercises/Hamstring-SMR.json"
"Hamstring_Stretch","Hamstring Stretch","","nombre_sin_espanol | pasos_sin_espanol | sin_video_o_gif_compatible","https://github.com/yuhonas/free-exercise-db/blob/main/exercises/Hamstring_Stretch.json"
"Handstand_Push-Ups","Handstand Push-Ups","","nombre_sin_espanol | pasos_sin_espanol | sin_video_o_gif_compatible","https://github.com/yuhonas/free-exercise-db/blob/main/exercises/Handstand_Push-Ups.json"
"Hang_Clean","Hang Clean","","nombre_sin_espanol | pasos_sin_espanol | sin_video_o_gif_compatible","https://github.com/yuhonas/free-exercise-db/blob/main/exercises/Hang_Clean.json"
"Hang_Clean_-_Below_the_Knees","Hang Clean - Below the Knees","","nombre_sin_espanol | pasos_sin_espanol | sin_video_o_gif_compatible","https://github.com/yuhonas/free-exercise-db/blob/main/exercises/Hang_Clean_-_Below_the_Knees.json"
"Hang_Snatch","Hang Snatch","","nombre_sin_espanol | pasos_sin_espanol | sin_video_o_gif_compatible","https://github.com/yuhonas/free-exercise-db/blob/main/exercises/Hang_Snatch.json"
"Hang_Snatch_-_Below_Knees","Hang Snatch - Below Knees","","nombre_sin_espanol | pasos_sin_espanol | sin_video_o_gif_compatible","https://github.com/yuhonas/free-exercise-db/blob/main/exercises/Hang_Snatch_-_Below_Knees.json"
"Hanging_Bar_Good_Morning","Hanging Bar Good Morning","","nombre_sin_espanol | pasos_sin_espanol | sin_video_o_gif_compatible","https://github.com/yuhonas/free-exercise-db/blob/main/exercises/Hanging_Bar_Good_Morning.json"
"Hanging_Leg_Raise","Hanging Leg Raise","","nombre_sin_espanol | pasos_sin_espanol | sin_video_o_gif_compatible","https://github.com/yuhonas/free-exercise-db/blob/main/exercises/Hanging_Leg_Raise.json"
"Hanging_Pike","Hanging Pike","","nombre_sin_espanol | pasos_sin_espanol | sin_video_o_gif_compatible","https://github.com/yuhonas/free-exercise-db/blob/main/exercises/Hanging_Pike.json"
"Heaving_Snatch_Balance","Heaving Snatch Balance","","nombre_sin_espanol | pasos_sin_espanol | sin_video_o_gif_compatible","https://github.com/yuhonas/free-exercise-db/blob/main/exercises/Heaving_Snatch_Balance.json"
"Heavy_Bag_Thrust","Heavy Bag Thrust","","nombre_sin_espanol | pasos_sin_espanol | equipo_sin_confirmar | sin_video_o_gif_compatible","https://github.com/yuhonas/free-exercise-db/blob/main/exercises/Heavy_Bag_Thrust.json"
"High_Cable_Curls","High Cable Curls","","nombre_sin_espanol | pasos_sin_espanol | sin_video_o_gif_compatible","https://github.com/yuhonas/free-exercise-db/blob/main/exercises/High_Cable_Curls.json"
"Hip_Circles_prone","Hip Circles (prone)","","nombre_sin_espanol | pasos_sin_espanol | sin_video_o_gif_compatible","https://github.com/yuhonas/free-exercise-db/blob/main/exercises/Hip_Circles_prone.json"
"Hip_Extension_with_Bands","Hip Extension with Bands","","nombre_sin_espanol | pasos_sin_espanol | sin_video_o_gif_compatible","https://github.com/yuhonas/free-exercise-db/blob/main/exercises/Hip_Extension_with_Bands.json"
"Hip_Flexion_with_Band","Hip Flexion with Band","","nombre_sin_espanol | pasos_sin_espanol | sin_video_o_gif_compatible","https://github.com/yuhonas/free-exercise-db/blob/main/exercises/Hip_Flexion_with_Band.json"
"Hip_Lift_with_Band","Hip Lift with Band","","nombre_sin_espanol | pasos_sin_espanol | sin_video_o_gif_compatible","https://github.com/yuhonas/free-exercise-db/blob/main/exercises/Hip_Lift_with_Band.json"
"Hug_A_Ball","Hug A Ball","","nombre_sin_espanol | pasos_sin_espanol | sin_video_o_gif_compatible","https://github.com/yuhonas/free-exercise-db/blob/main/exercises/Hug_A_Ball.json"
"Hug_Knees_To_Chest","Hug Knees To Chest","","nombre_sin_espanol | pasos_sin_espanol | sin_video_o_gif_compatible","https://github.com/yuhonas/free-exercise-db/blob/main/exercises/Hug_Knees_To_Chest.json"
"Hurdle_Hops","Hurdle Hops","","nombre_sin_espanol | pasos_sin_espanol | equipo_sin_confirmar | sin_video_o_gif_compatible","https://github.com/yuhonas/free-exercise-db/blob/main/exercises/Hurdle_Hops.json"
"Hyperextensions_Back_Extensions","Hyperextensions (Back Extensions)","","nombre_sin_espanol | pasos_sin_espanol | equipo_sin_confirmar | sin_video_o_gif_compatible","https://github.com/yuhonas/free-exercise-db/blob/main/exercises/Hyperextensions_Back_Extensions.json"
"Hyperextensions_With_No_Hyperextension_Bench","Hyperextensions With No Hyperextension Bench","","nombre_sin_espanol | pasos_sin_espanol | sin_video_o_gif_compatible","https://github.com/yuhonas/free-exercise-db/blob/main/exercises/Hyperextensions_With_No_Hyperextension_Bench.json"
"IT_Band_and_Glute_Stretch","IT Band and Glute Stretch","","nombre_sin_espanol | pasos_sin_espanol | equipo_sin_confirmar | sin_video_o_gif_compatible","https://github.com/yuhonas/free-exercise-db/blob/main/exercises/IT_Band_and_Glute_Stretch.json"
"Iliotibial_Tract-SMR","Iliotibial Tract-SMR","","nombre_sin_espanol | pasos_sin_espanol | sin_video_o_gif_compatible","https://github.com/yuhonas/free-exercise-db/blob/main/exercises/Iliotibial_Tract-SMR.json"
"Inchworm","Inchworm","","nombre_sin_espanol | pasos_sin_espanol | sin_video_o_gif_compatible","https://github.com/yuhonas/free-exercise-db/blob/main/exercises/Inchworm.json"
"Incline_Barbell_Triceps_Extension","Incline Barbell Triceps Extension","","nombre_sin_espanol | pasos_sin_espanol | sin_video_o_gif_compatible","https://github.com/yuhonas/free-exercise-db/blob/main/exercises/Incline_Barbell_Triceps_Extension.json"
"Incline_Bench_Pull","Incline Bench Pull","","nombre_sin_espanol | pasos_sin_espanol | sin_video_o_gif_compatible","https://github.com/yuhonas/free-exercise-db/blob/main/exercises/Incline_Bench_Pull.json"
"Incline_Cable_Chest_Press","Incline Cable Chest Press","","nombre_sin_espanol | pasos_sin_espanol | sin_video_o_gif_compatible","https://github.com/yuhonas/free-exercise-db/blob/main/exercises/Incline_Cable_Chest_Press.json"
"Incline_Cable_Flye","Incline Cable Flye","","nombre_sin_espanol | pasos_sin_espanol | sin_video_o_gif_compatible","https://github.com/yuhonas/free-exercise-db/blob/main/exercises/Incline_Cable_Flye.json"
"Incline_Dumbbell_Bench_With_Palms_Facing_In","Incline Dumbbell Bench With Palms Facing In","","nombre_sin_espanol | pasos_sin_espanol | sin_video_o_gif_compatible","https://github.com/yuhonas/free-exercise-db/blob/main/exercises/Incline_Dumbbell_Bench_With_Palms_Facing_In.json"
"Incline_Dumbbell_Curl","Incline Dumbbell Curl","","nombre_sin_espanol | pasos_sin_espanol | sin_video_o_gif_compatible","https://github.com/yuhonas/free-exercise-db/blob/main/exercises/Incline_Dumbbell_Curl.json"
"Incline_Dumbbell_Flyes","Incline Dumbbell Flyes","","nombre_sin_espanol | pasos_sin_espanol | sin_video_o_gif_compatible","https://github.com/yuhonas/free-exercise-db/blob/main/exercises/Incline_Dumbbell_Flyes.json"
"Incline_Dumbbell_Flyes_-_With_A_Twist","Incline Dumbbell Flyes - With A Twist","","nombre_sin_espanol | pasos_sin_espanol | sin_video_o_gif_compatible","https://github.com/yuhonas/free-exercise-db/blob/main/exercises/Incline_Dumbbell_Flyes_-_With_A_Twist.json"
"Incline_Dumbbell_Press","Incline Dumbbell Press","Press inclinado con mancuernas","sin_video_o_gif_compatible","https://github.com/yuhonas/free-exercise-db/blob/main/exercises/Incline_Dumbbell_Press.json"
"Incline_Hammer_Curls","Incline Hammer Curls","","nombre_sin_espanol | pasos_sin_espanol | sin_video_o_gif_compatible","https://github.com/yuhonas/free-exercise-db/blob/main/exercises/Incline_Hammer_Curls.json"
"Incline_Inner_Biceps_Curl","Incline Inner Biceps Curl","","nombre_sin_espanol | pasos_sin_espanol | sin_video_o_gif_compatible","https://github.com/yuhonas/free-exercise-db/blob/main/exercises/Incline_Inner_Biceps_Curl.json"
"Incline_Push-Up","Incline Push-Up","","nombre_sin_espanol | pasos_sin_espanol | sin_video_o_gif_compatible","https://github.com/yuhonas/free-exercise-db/blob/main/exercises/Incline_Push-Up.json"
"Incline_Push-Up_Close-Grip","Incline Push-Up Close-Grip","","nombre_sin_espanol | pasos_sin_espanol | sin_video_o_gif_compatible","https://github.com/yuhonas/free-exercise-db/blob/main/exercises/Incline_Push-Up_Close-Grip.json"
"Incline_Push-Up_Depth_Jump","Incline Push-Up Depth Jump","","nombre_sin_espanol | pasos_sin_espanol | equipo_sin_confirmar | sin_video_o_gif_compatible","https://github.com/yuhonas/free-exercise-db/blob/main/exercises/Incline_Push-Up_Depth_Jump.json"
"Incline_Push-Up_Medium","Incline Push-Up Medium","","nombre_sin_espanol | pasos_sin_espanol | sin_video_o_gif_compatible","https://github.com/yuhonas/free-exercise-db/blob/main/exercises/Incline_Push-Up_Medium.json"
"Incline_Push-Up_Reverse_Grip","Incline Push-Up Reverse Grip","","nombre_sin_espanol | pasos_sin_espanol | sin_video_o_gif_compatible","https://github.com/yuhonas/free-exercise-db/blob/main/exercises/Incline_Push-Up_Reverse_Grip.json"
"Incline_Push-Up_Wide","Incline Push-Up Wide","","nombre_sin_espanol | pasos_sin_espanol | sin_video_o_gif_compatible","https://github.com/yuhonas/free-exercise-db/blob/main/exercises/Incline_Push-Up_Wide.json"
"Intermediate_Groin_Stretch","Intermediate Groin Stretch","","nombre_sin_espanol | pasos_sin_espanol | equipo_sin_confirmar | sin_video_o_gif_compatible","https://github.com/yuhonas/free-exercise-db/blob/main/exercises/Intermediate_Groin_Stretch.json"
"Intermediate_Hip_Flexor_and_Quad_Stretch","Intermediate Hip Flexor and Quad Stretch","","nombre_sin_espanol | pasos_sin_espanol | equipo_sin_confirmar | sin_video_o_gif_compatible","https://github.com/yuhonas/free-exercise-db/blob/main/exercises/Intermediate_Hip_Flexor_and_Quad_Stretch.json"
"Internal_Rotation_with_Band","Internal Rotation with Band","","nombre_sin_espanol | pasos_sin_espanol | sin_video_o_gif_compatible","https://github.com/yuhonas/free-exercise-db/blob/main/exercises/Internal_Rotation_with_Band.json"
"Inverted_Row","Inverted Row","Remo invertido en barra horizontal","sin_video_o_gif_compatible","https://github.com/yuhonas/free-exercise-db/blob/main/exercises/Inverted_Row.json"
"Inverted_Row_with_Straps","Inverted Row with Straps","","nombre_sin_espanol | pasos_sin_espanol | equipo_sin_confirmar | sin_video_o_gif_compatible","https://github.com/yuhonas/free-exercise-db/blob/main/exercises/Inverted_Row_with_Straps.json"
"Iron_Cross","Iron Cross","","nombre_sin_espanol | pasos_sin_espanol | sin_instrucciones | sin_video_o_gif_compatible","https://github.com/yuhonas/free-exercise-db/blob/main/exercises/Iron_Cross.json"
"Iron_Crosses_stretch","Iron Crosses (stretch)","","nombre_sin_espanol | pasos_sin_espanol | sin_video_o_gif_compatible","https://github.com/yuhonas/free-exercise-db/blob/main/exercises/Iron_Crosses_stretch.json"
"Isometric_Chest_Squeezes","Isometric Chest Squeezes","","nombre_sin_espanol | pasos_sin_espanol | sin_video_o_gif_compatible","https://github.com/yuhonas/free-exercise-db/blob/main/exercises/Isometric_Chest_Squeezes.json"
"Isometric_Neck_Exercise_-_Front_And_Back","Isometric Neck Exercise - Front And Back","","nombre_sin_espanol | pasos_sin_espanol | sin_video_o_gif_compatible","https://github.com/yuhonas/free-exercise-db/blob/main/exercises/Isometric_Neck_Exercise_-_Front_And_Back.json"
"Isometric_Neck_Exercise_-_Sides","Isometric Neck Exercise - Sides","","nombre_sin_espanol | pasos_sin_espanol | sin_video_o_gif_compatible","https://github.com/yuhonas/free-exercise-db/blob/main/exercises/Isometric_Neck_Exercise_-_Sides.json"
"Isometric_Wipers","Isometric Wipers","Limpiaparabrisas isométricos","sin_video_o_gif_compatible","https://github.com/yuhonas/free-exercise-db/blob/main/exercises/Isometric_Wipers.json | https://wger.de/en/exercise/314/view/"
"JM_Press","JM Press","JM Press","sin_video_o_gif_compatible","https://github.com/yuhonas/free-exercise-db/blob/main/exercises/JM_Press.json | https://wger.de/en/exercise/1302/view/"
"Jackknife_Sit-Up","Jackknife Sit-Up","","nombre_sin_espanol | pasos_sin_espanol | sin_video_o_gif_compatible","https://github.com/yuhonas/free-exercise-db/blob/main/exercises/Jackknife_Sit-Up.json"
"Janda_Sit-Up","Janda Sit-Up","","nombre_sin_espanol | pasos_sin_espanol | sin_video_o_gif_compatible","https://github.com/yuhonas/free-exercise-db/blob/main/exercises/Janda_Sit-Up.json"
"Jefferson_Squats","Jefferson Squats","","nombre_sin_espanol | pasos_sin_espanol | sin_video_o_gif_compatible","https://github.com/yuhonas/free-exercise-db/blob/main/exercises/Jefferson_Squats.json"
"Jerk_Balance","Jerk Balance","","nombre_sin_espanol | pasos_sin_espanol | sin_video_o_gif_compatible","https://github.com/yuhonas/free-exercise-db/blob/main/exercises/Jerk_Balance.json"
"Jerk_Dip_Squat","Jerk Dip Squat","","nombre_sin_espanol | pasos_sin_espanol | sin_video_o_gif_compatible","https://github.com/yuhonas/free-exercise-db/blob/main/exercises/Jerk_Dip_Squat.json"
"Jogging_Treadmill","Jogging, Treadmill","","nombre_sin_espanol | pasos_sin_espanol | sin_video_o_gif_compatible","https://github.com/yuhonas/free-exercise-db/blob/main/exercises/Jogging_Treadmill.json"
"Keg_Load","Keg Load","","nombre_sin_espanol | pasos_sin_espanol | equipo_sin_confirmar | sin_video_o_gif_compatible","https://github.com/yuhonas/free-exercise-db/blob/main/exercises/Keg_Load.json"
"Kettlebell_Arnold_Press","Kettlebell Arnold Press","","nombre_sin_espanol | pasos_sin_espanol | sin_video_o_gif_compatible","https://github.com/yuhonas/free-exercise-db/blob/main/exercises/Kettlebell_Arnold_Press.json"
"Kettlebell_Dead_Clean","Kettlebell Dead Clean","","nombre_sin_espanol | pasos_sin_espanol | sin_video_o_gif_compatible","https://github.com/yuhonas/free-exercise-db/blob/main/exercises/Kettlebell_Dead_Clean.json"
"Kettlebell_Figure_8","Kettlebell Figure 8","","nombre_sin_espanol | pasos_sin_espanol | sin_video_o_gif_compatible","https://github.com/yuhonas/free-exercise-db/blob/main/exercises/Kettlebell_Figure_8.json"
"Kettlebell_Halo","Kettlebell Halo","","nombre_sin_espanol | pasos_sin_espanol | sin_recurso_visual | sin_video_o_gif_compatible","https://github.com/yuhonas/free-exercise-db/blob/main/exercises/Kettlebell_Halo.json"
"Kettlebell_Halo_With_Overhead_Extension","Kettlebell Halo with Overhead Extension","","nombre_sin_espanol | pasos_sin_espanol | sin_recurso_visual | sin_video_o_gif_compatible","https://github.com/yuhonas/free-exercise-db/blob/main/exercises/Kettlebell_Halo_With_Overhead_Extension.json"
"Kettlebell_Hang_Clean","Kettlebell Hang Clean","","nombre_sin_espanol | pasos_sin_espanol | sin_video_o_gif_compatible","https://github.com/yuhonas/free-exercise-db/blob/main/exercises/Kettlebell_Hang_Clean.json"
"Kettlebell_One-Legged_Deadlift","Kettlebell One-Legged Deadlift","Peso muerto a una pierna con pesa rusa","sin_video_o_gif_compatible","https://github.com/yuhonas/free-exercise-db/blob/main/exercises/Kettlebell_One-Legged_Deadlift.json | https://wger.de/en/exercise/1641/view/"
"Kettlebell_Overhead_Triceps_Extension","Kettlebell Overhead Triceps Extension","","nombre_sin_espanol | pasos_sin_espanol | sin_recurso_visual | sin_video_o_gif_compatible","https://github.com/yuhonas/free-exercise-db/blob/main/exercises/Kettlebell_Overhead_Triceps_Extension.json"
"Kettlebell_Pass_Between_The_Legs","Kettlebell Pass Between The Legs","","nombre_sin_espanol | pasos_sin_espanol | sin_video_o_gif_compatible","https://github.com/yuhonas/free-exercise-db/blob/main/exercises/Kettlebell_Pass_Between_The_Legs.json"
"Kettlebell_Pirate_Ships","Kettlebell Pirate Ships","","nombre_sin_espanol | pasos_sin_espanol | sin_video_o_gif_compatible","https://github.com/yuhonas/free-exercise-db/blob/main/exercises/Kettlebell_Pirate_Ships.json"
"Kettlebell_Pistol_Squat","Kettlebell Pistol Squat","","nombre_sin_espanol | pasos_sin_espanol | sin_video_o_gif_compatible","https://github.com/yuhonas/free-exercise-db/blob/main/exercises/Kettlebell_Pistol_Squat.json"
"Kettlebell_Seated_Press","Kettlebell Seated Press","","nombre_sin_espanol | pasos_sin_espanol | sin_video_o_gif_compatible","https://github.com/yuhonas/free-exercise-db/blob/main/exercises/Kettlebell_Seated_Press.json"
"Kettlebell_Seesaw_Press","Kettlebell Seesaw Press","","nombre_sin_espanol | pasos_sin_espanol | sin_video_o_gif_compatible","https://github.com/yuhonas/free-exercise-db/blob/main/exercises/Kettlebell_Seesaw_Press.json"
"Kettlebell_Sumo_High_Pull","Kettlebell Sumo High Pull","Sumo high pull con kettlebell","sin_video_o_gif_compatible","https://github.com/yuhonas/free-exercise-db/blob/main/exercises/Kettlebell_Sumo_High_Pull.json | https://wger.de/en/exercise/1970/view/"
"Kettlebell_Thruster","Kettlebell Thruster","","nombre_sin_espanol | pasos_sin_espanol | sin_video_o_gif_compatible","https://github.com/yuhonas/free-exercise-db/blob/main/exercises/Kettlebell_Thruster.json"
"Kettlebell_Turkish_Get-Up_Lunge_style","Kettlebell Turkish Get-Up (Lunge style)","","nombre_sin_espanol | pasos_sin_espanol | sin_video_o_gif_compatible","https://github.com/yuhonas/free-exercise-db/blob/main/exercises/Kettlebell_Turkish_Get-Up_Lunge_style.json"
"Kettlebell_Turkish_Get-Up_Squat_style","Kettlebell Turkish Get-Up (Squat style)","","nombre_sin_espanol | pasos_sin_espanol | sin_video_o_gif_compatible","https://github.com/yuhonas/free-exercise-db/blob/main/exercises/Kettlebell_Turkish_Get-Up_Squat_style.json"
"Kettlebell_Windmill","Kettlebell Windmill","","nombre_sin_espanol | pasos_sin_espanol | sin_video_o_gif_compatible","https://github.com/yuhonas/free-exercise-db/blob/main/exercises/Kettlebell_Windmill.json"
"Kipping_Muscle_Up","Kipping Muscle Up","","nombre_sin_espanol | pasos_sin_espanol | equipo_sin_confirmar | sin_video_o_gif_compatible","https://github.com/yuhonas/free-exercise-db/blob/main/exercises/Kipping_Muscle_Up.json"
"Knee_Across_The_Body","Knee Across The Body","","nombre_sin_espanol | pasos_sin_espanol | sin_video_o_gif_compatible","https://github.com/yuhonas/free-exercise-db/blob/main/exercises/Knee_Across_The_Body.json"
"Knee_Circles","Knee Circles","","nombre_sin_espanol | pasos_sin_espanol | sin_video_o_gif_compatible","https://github.com/yuhonas/free-exercise-db/blob/main/exercises/Knee_Circles.json"
"Knee_Hip_Raise_On_Parallel_Bars","Knee/Hip Raise On Parallel Bars","","nombre_sin_espanol | pasos_sin_espanol | equipo_sin_confirmar | sin_video_o_gif_compatible","https://github.com/yuhonas/free-exercise-db/blob/main/exercises/Knee_Hip_Raise_On_Parallel_Bars.json"
"Knee_Tuck_Jump","Knee Tuck Jump","","nombre_sin_espanol | pasos_sin_espanol | sin_video_o_gif_compatible","https://github.com/yuhonas/free-exercise-db/blob/main/exercises/Knee_Tuck_Jump.json"
"Kneeling_Arm_Drill","Kneeling Arm Drill","","nombre_sin_espanol | pasos_sin_espanol | sin_video_o_gif_compatible","https://github.com/yuhonas/free-exercise-db/blob/main/exercises/Kneeling_Arm_Drill.json"
"Kneeling_Cable_Crunch_With_Alternating_Oblique_Twists","Kneeling Cable Crunch With Alternating Oblique Twists","","nombre_sin_espanol | pasos_sin_espanol | sin_video_o_gif_compatible","https://github.com/yuhonas/free-exercise-db/blob/main/exercises/Kneeling_Cable_Crunch_With_Alternating_Oblique_Twists.json"
"Kneeling_Cable_Triceps_Extension","Kneeling Cable Triceps Extension","","nombre_sin_espanol | pasos_sin_espanol | sin_video_o_gif_compatible","https://github.com/yuhonas/free-exercise-db/blob/main/exercises/Kneeling_Cable_Triceps_Extension.json"
"Kneeling_Forearm_Stretch","Kneeling Forearm Stretch","","nombre_sin_espanol | pasos_sin_espanol | sin_video_o_gif_compatible","https://github.com/yuhonas/free-exercise-db/blob/main/exercises/Kneeling_Forearm_Stretch.json"
"Kneeling_High_Pulley_Row","Kneeling High Pulley Row","","nombre_sin_espanol | pasos_sin_espanol | sin_video_o_gif_compatible","https://github.com/yuhonas/free-exercise-db/blob/main/exercises/Kneeling_High_Pulley_Row.json"
"Kneeling_Hip_Flexor","Kneeling Hip Flexor","","nombre_sin_espanol | pasos_sin_espanol | sin_video_o_gif_compatible","https://github.com/yuhonas/free-exercise-db/blob/main/exercises/Kneeling_Hip_Flexor.json"
"Kneeling_Jump_Squat","Kneeling Jump Squat","","nombre_sin_espanol | pasos_sin_espanol | sin_video_o_gif_compatible","https://github.com/yuhonas/free-exercise-db/blob/main/exercises/Kneeling_Jump_Squat.json"
"Kneeling_Single-Arm_High_Pulley_Row","Kneeling Single-Arm High Pulley Row","","nombre_sin_espanol | pasos_sin_espanol | sin_video_o_gif_compatible","https://github.com/yuhonas/free-exercise-db/blob/main/exercises/Kneeling_Single-Arm_High_Pulley_Row.json"
"Kneeling_Squat","Kneeling Squat","","nombre_sin_espanol | pasos_sin_espanol | sin_video_o_gif_compatible","https://github.com/yuhonas/free-exercise-db/blob/main/exercises/Kneeling_Squat.json"
"Landmine_180s","Landmine 180's","","nombre_sin_espanol | pasos_sin_espanol | sin_video_o_gif_compatible","https://github.com/yuhonas/free-exercise-db/blob/main/exercises/Landmine_180s.json"
"Landmine_Linear_Jammer","Landmine Linear Jammer","","nombre_sin_espanol | pasos_sin_espanol | sin_video_o_gif_compatible","https://github.com/yuhonas/free-exercise-db/blob/main/exercises/Landmine_Linear_Jammer.json"
"Lateral_Bound","Lateral Bound","","nombre_sin_espanol | pasos_sin_espanol | sin_video_o_gif_compatible","https://github.com/yuhonas/free-exercise-db/blob/main/exercises/Lateral_Bound.json"
"Lateral_Box_Jump","Lateral Box Jump","","nombre_sin_espanol | pasos_sin_espanol | equipo_sin_confirmar | sin_video_o_gif_compatible","https://github.com/yuhonas/free-exercise-db/blob/main/exercises/Lateral_Box_Jump.json"
"Lateral_Cone_Hops","Lateral Cone Hops","","nombre_sin_espanol | pasos_sin_espanol | equipo_sin_confirmar | sin_video_o_gif_compatible","https://github.com/yuhonas/free-exercise-db/blob/main/exercises/Lateral_Cone_Hops.json"
"Lateral_Raise_-_With_Bands","Lateral Raise - With Bands","","nombre_sin_espanol | pasos_sin_espanol | sin_video_o_gif_compatible","https://github.com/yuhonas/free-exercise-db/blob/main/exercises/Lateral_Raise_-_With_Bands.json"
"Latissimus_Dorsi-SMR","Latissimus Dorsi-SMR","","nombre_sin_espanol | pasos_sin_espanol | sin_video_o_gif_compatible","https://github.com/yuhonas/free-exercise-db/blob/main/exercises/Latissimus_Dorsi-SMR.json"
"Leg-Over_Floor_Press","Leg-Over Floor Press","","nombre_sin_espanol | pasos_sin_espanol | sin_video_o_gif_compatible","https://github.com/yuhonas/free-exercise-db/blob/main/exercises/Leg-Over_Floor_Press.json"
"Leg-Up_Hamstring_Stretch","Leg-Up Hamstring Stretch","","nombre_sin_espanol | pasos_sin_espanol | sin_video_o_gif_compatible","https://github.com/yuhonas/free-exercise-db/blob/main/exercises/Leg-Up_Hamstring_Stretch.json"
"Leg_Extensions","Leg Extensions","Extensiones de piernas en máquina","pasos_sin_espanol | sin_video_o_gif_compatible","https://github.com/yuhonas/free-exercise-db/blob/main/exercises/Leg_Extensions.json"
"Leg_Lift","Leg Lift","","nombre_sin_espanol | pasos_sin_espanol | sin_video_o_gif_compatible","https://github.com/yuhonas/free-exercise-db/blob/main/exercises/Leg_Lift.json"
"Leg_Pull-In","Leg Pull-In","","nombre_sin_espanol | pasos_sin_espanol | sin_video_o_gif_compatible","https://github.com/yuhonas/free-exercise-db/blob/main/exercises/Leg_Pull-In.json"
"Leverage_Chest_Press","Leverage Chest Press","","nombre_sin_espanol | pasos_sin_espanol | sin_video_o_gif_compatible","https://github.com/yuhonas/free-exercise-db/blob/main/exercises/Leverage_Chest_Press.json"
"Leverage_Deadlift","Leverage Deadlift","","nombre_sin_espanol | pasos_sin_espanol | sin_video_o_gif_compatible","https://github.com/yuhonas/free-exercise-db/blob/main/exercises/Leverage_Deadlift.json"
"Leverage_Decline_Chest_Press","Leverage Decline Chest Press","","nombre_sin_espanol | pasos_sin_espanol | sin_video_o_gif_compatible","https://github.com/yuhonas/free-exercise-db/blob/main/exercises/Leverage_Decline_Chest_Press.json"
"Leverage_High_Row","Leverage High Row","","nombre_sin_espanol | pasos_sin_espanol | sin_video_o_gif_compatible","https://github.com/yuhonas/free-exercise-db/blob/main/exercises/Leverage_High_Row.json"
"Leverage_Incline_Chest_Press","Leverage Incline Chest Press","","nombre_sin_espanol | pasos_sin_espanol | sin_video_o_gif_compatible","https://github.com/yuhonas/free-exercise-db/blob/main/exercises/Leverage_Incline_Chest_Press.json"
"Leverage_Iso_Row","Leverage Iso Row","","nombre_sin_espanol | pasos_sin_espanol | sin_video_o_gif_compatible","https://github.com/yuhonas/free-exercise-db/blob/main/exercises/Leverage_Iso_Row.json"
"Leverage_Shoulder_Press","Leverage Shoulder Press","","nombre_sin_espanol | pasos_sin_espanol | sin_video_o_gif_compatible","https://github.com/yuhonas/free-exercise-db/blob/main/exercises/Leverage_Shoulder_Press.json"
"Leverage_Shrug","Leverage Shrug","","nombre_sin_espanol | pasos_sin_espanol | sin_video_o_gif_compatible","https://github.com/yuhonas/free-exercise-db/blob/main/exercises/Leverage_Shrug.json"
"Linear_3-Part_Start_Technique","Linear 3-Part Start Technique","","nombre_sin_espanol | pasos_sin_espanol | sin_video_o_gif_compatible","https://github.com/yuhonas/free-exercise-db/blob/main/exercises/Linear_3-Part_Start_Technique.json"
"Linear_Acceleration_Wall_Drill","Linear Acceleration Wall Drill","","nombre_sin_espanol | pasos_sin_espanol | sin_video_o_gif_compatible","https://github.com/yuhonas/free-exercise-db/blob/main/exercises/Linear_Acceleration_Wall_Drill.json"
"Linear_Depth_Jump","Linear Depth Jump","","nombre_sin_espanol | pasos_sin_espanol | equipo_sin_confirmar | sin_video_o_gif_compatible","https://github.com/yuhonas/free-exercise-db/blob/main/exercises/Linear_Depth_Jump.json"
"Log_Lift","Log Lift","","nombre_sin_espanol | pasos_sin_espanol | equipo_sin_confirmar | sin_video_o_gif_compatible","https://github.com/yuhonas/free-exercise-db/blob/main/exercises/Log_Lift.json"
"London_Bridges","London Bridges","","nombre_sin_espanol | pasos_sin_espanol | equipo_sin_confirmar | sin_video_o_gif_compatible","https://github.com/yuhonas/free-exercise-db/blob/main/exercises/London_Bridges.json"
"Looking_At_Ceiling","Looking At Ceiling","","nombre_sin_espanol | pasos_sin_espanol | sin_video_o_gif_compatible","https://github.com/yuhonas/free-exercise-db/blob/main/exercises/Looking_At_Ceiling.json"
"Low_Cable_Crossover","Low Cable Crossover","","nombre_sin_espanol | pasos_sin_espanol | sin_video_o_gif_compatible","https://github.com/yuhonas/free-exercise-db/blob/main/exercises/Low_Cable_Crossover.json"
"Low_Cable_Triceps_Extension","Low Cable Triceps Extension","","nombre_sin_espanol | pasos_sin_espanol | sin_video_o_gif_compatible","https://github.com/yuhonas/free-exercise-db/blob/main/exercises/Low_Cable_Triceps_Extension.json"
"Low_Pulley_Row_To_Neck","Low Pulley Row To Neck","","nombre_sin_espanol | pasos_sin_espanol | sin_video_o_gif_compatible","https://github.com/yuhonas/free-exercise-db/blob/main/exercises/Low_Pulley_Row_To_Neck.json"
"Lower_Back-SMR","Lower Back-SMR","","nombre_sin_espanol | pasos_sin_espanol | sin_video_o_gif_compatible","https://github.com/yuhonas/free-exercise-db/blob/main/exercises/Lower_Back-SMR.json"
"Lower_Back_Curl","Lower Back Curl","","nombre_sin_espanol | pasos_sin_espanol | sin_video_o_gif_compatible","https://github.com/yuhonas/free-exercise-db/blob/main/exercises/Lower_Back_Curl.json"
"Lunge_Pass_Through","Lunge Pass Through","","nombre_sin_espanol | pasos_sin_espanol | sin_video_o_gif_compatible","https://github.com/yuhonas/free-exercise-db/blob/main/exercises/Lunge_Pass_Through.json"
"Lunge_Sprint","Lunge Sprint","","nombre_sin_espanol | pasos_sin_espanol | sin_video_o_gif_compatible","https://github.com/yuhonas/free-exercise-db/blob/main/exercises/Lunge_Sprint.json"
"Lying_Bent_Leg_Groin","Lying Bent Leg Groin","","nombre_sin_espanol | pasos_sin_espanol | equipo_sin_confirmar | sin_video_o_gif_compatible","https://github.com/yuhonas/free-exercise-db/blob/main/exercises/Lying_Bent_Leg_Groin.json"
"Lying_Cable_Curl","Lying Cable Curl","","nombre_sin_espanol | pasos_sin_espanol | sin_video_o_gif_compatible","https://github.com/yuhonas/free-exercise-db/blob/main/exercises/Lying_Cable_Curl.json"
"Lying_Cambered_Barbell_Row","Lying Cambered Barbell Row","","nombre_sin_espanol | pasos_sin_espanol | sin_video_o_gif_compatible","https://github.com/yuhonas/free-exercise-db/blob/main/exercises/Lying_Cambered_Barbell_Row.json"
"Lying_Close-Grip_Bar_Curl_On_High_Pulley","Lying Close-Grip Bar Curl On High Pulley","","nombre_sin_espanol | pasos_sin_espanol | sin_video_o_gif_compatible","https://github.com/yuhonas/free-exercise-db/blob/main/exercises/Lying_Close-Grip_Bar_Curl_On_High_Pulley.json"
"Lying_Close-Grip_Barbell_Triceps_Extension_Behind_The_Head","Lying Close-Grip Barbell Triceps Extension Behind The Head","","nombre_sin_espanol | pasos_sin_espanol | sin_video_o_gif_compatible","https://github.com/yuhonas/free-exercise-db/blob/main/exercises/Lying_Close-Grip_Barbell_Triceps_Extension_Behind_The_Head.json"
"Lying_Close-Grip_Barbell_Triceps_Press_To_Chin","Lying Close-Grip Barbell Triceps Press To Chin","","nombre_sin_espanol | pasos_sin_espanol | sin_video_o_gif_compatible","https://github.com/yuhonas/free-exercise-db/blob/main/exercises/Lying_Close-Grip_Barbell_Triceps_Press_To_Chin.json"
"Lying_Crossover","Lying Crossover","","nombre_sin_espanol | pasos_sin_espanol | sin_video_o_gif_compatible","https://github.com/yuhonas/free-exercise-db/blob/main/exercises/Lying_Crossover.json"
"Lying_Dumbbell_Tricep_Extension","Lying Dumbbell Tricep Extension","","nombre_sin_espanol | pasos_sin_espanol | sin_video_o_gif_compatible","https://github.com/yuhonas/free-exercise-db/blob/main/exercises/Lying_Dumbbell_Tricep_Extension.json"
"Lying_Face_Down_Plate_Neck_Resistance","Lying Face Down Plate Neck Resistance","","nombre_sin_espanol | pasos_sin_espanol | equipo_sin_confirmar | sin_video_o_gif_compatible","https://github.com/yuhonas/free-exercise-db/blob/main/exercises/Lying_Face_Down_Plate_Neck_Resistance.json"
"Lying_Face_Up_Plate_Neck_Resistance","Lying Face Up Plate Neck Resistance","","nombre_sin_espanol | pasos_sin_espanol | equipo_sin_confirmar | sin_video_o_gif_compatible","https://github.com/yuhonas/free-exercise-db/blob/main/exercises/Lying_Face_Up_Plate_Neck_Resistance.json"
"Lying_Glute","Lying Glute","","nombre_sin_espanol | pasos_sin_espanol | sin_video_o_gif_compatible","https://github.com/yuhonas/free-exercise-db/blob/main/exercises/Lying_Glute.json"
"Lying_Hamstring","Lying Hamstring","","nombre_sin_espanol | pasos_sin_espanol | equipo_sin_confirmar | sin_video_o_gif_compatible","https://github.com/yuhonas/free-exercise-db/blob/main/exercises/Lying_Hamstring.json"
"Lying_High_Bench_Barbell_Curl","Lying High Bench Barbell Curl","","nombre_sin_espanol | pasos_sin_espanol | sin_video_o_gif_compatible","https://github.com/yuhonas/free-exercise-db/blob/main/exercises/Lying_High_Bench_Barbell_Curl.json"
"Lying_Leg_Curls","Lying Leg Curls","Curl femoral tumbado","pasos_sin_espanol | sin_video_o_gif_compatible","https://github.com/yuhonas/free-exercise-db/blob/main/exercises/Lying_Leg_Curls.json"
"Lying_Machine_Squat","Lying Machine Squat","","nombre_sin_espanol | pasos_sin_espanol | sin_video_o_gif_compatible","https://github.com/yuhonas/free-exercise-db/blob/main/exercises/Lying_Machine_Squat.json"
"Lying_One-Arm_Lateral_Raise","Lying One-Arm Lateral Raise","","nombre_sin_espanol | pasos_sin_espanol | sin_video_o_gif_compatible","https://github.com/yuhonas/free-exercise-db/blob/main/exercises/Lying_One-Arm_Lateral_Raise.json"
"Lying_Prone_Quadriceps","Lying Prone Quadriceps","","nombre_sin_espanol | pasos_sin_espanol | sin_video_o_gif_compatible","https://github.com/yuhonas/free-exercise-db/blob/main/exercises/Lying_Prone_Quadriceps.json"
"Lying_Rear_Delt_Raise","Lying Rear Delt Raise","","nombre_sin_espanol | pasos_sin_espanol | sin_video_o_gif_compatible","https://github.com/yuhonas/free-exercise-db/blob/main/exercises/Lying_Rear_Delt_Raise.json"
"Lying_Supine_Dumbbell_Curl","Lying Supine Dumbbell Curl","","nombre_sin_espanol | pasos_sin_espanol | sin_video_o_gif_compatible","https://github.com/yuhonas/free-exercise-db/blob/main/exercises/Lying_Supine_Dumbbell_Curl.json"
"Lying_T-Bar_Row","Lying T-Bar Row","","nombre_sin_espanol | pasos_sin_espanol | sin_video_o_gif_compatible","https://github.com/yuhonas/free-exercise-db/blob/main/exercises/Lying_T-Bar_Row.json"
"Lying_Triceps_Press","Lying Triceps Press","","nombre_sin_espanol | pasos_sin_espanol | sin_video_o_gif_compatible","https://github.com/yuhonas/free-exercise-db/blob/main/exercises/Lying_Triceps_Press.json"
"Machine_Bench_Press","Machine Bench Press","","nombre_sin_espanol | pasos_sin_espanol | sin_video_o_gif_compatible","https://github.com/yuhonas/free-exercise-db/blob/main/exercises/Machine_Bench_Press.json"
"Machine_Bicep_Curl","Machine Bicep Curl","","nombre_sin_espanol | pasos_sin_espanol | sin_video_o_gif_compatible","https://github.com/yuhonas/free-exercise-db/blob/main/exercises/Machine_Bicep_Curl.json"
"Machine_Preacher_Curls","Machine Preacher Curls","","nombre_sin_espanol | pasos_sin_espanol | sin_video_o_gif_compatible","https://github.com/yuhonas/free-exercise-db/blob/main/exercises/Machine_Preacher_Curls.json"
"Machine_Shoulder_Military_Press","Machine Shoulder (Military) Press","","nombre_sin_espanol | pasos_sin_espanol | sin_video_o_gif_compatible","https://github.com/yuhonas/free-exercise-db/blob/main/exercises/Machine_Shoulder_Military_Press.json"
"Machine_Triceps_Extension","Machine Triceps Extension","","nombre_sin_espanol | pasos_sin_espanol | sin_video_o_gif_compatible","https://github.com/yuhonas/free-exercise-db/blob/main/exercises/Machine_Triceps_Extension.json"
"Medicine_Ball_Chest_Pass","Medicine Ball Chest Pass","","nombre_sin_espanol | pasos_sin_espanol | sin_video_o_gif_compatible","https://github.com/yuhonas/free-exercise-db/blob/main/exercises/Medicine_Ball_Chest_Pass.json"
"Medicine_Ball_Full_Twist","Medicine Ball Full Twist","","nombre_sin_espanol | pasos_sin_espanol | sin_video_o_gif_compatible","https://github.com/yuhonas/free-exercise-db/blob/main/exercises/Medicine_Ball_Full_Twist.json"
"Medicine_Ball_Scoop_Throw","Medicine Ball Scoop Throw","","nombre_sin_espanol | pasos_sin_espanol | sin_video_o_gif_compatible","https://github.com/yuhonas/free-exercise-db/blob/main/exercises/Medicine_Ball_Scoop_Throw.json"
"Middle_Back_Shrug","Middle Back Shrug","","nombre_sin_espanol | pasos_sin_espanol | sin_video_o_gif_compatible","https://github.com/yuhonas/free-exercise-db/blob/main/exercises/Middle_Back_Shrug.json"
"Middle_Back_Stretch","Middle Back Stretch","","nombre_sin_espanol | pasos_sin_espanol | sin_video_o_gif_compatible","https://github.com/yuhonas/free-exercise-db/blob/main/exercises/Middle_Back_Stretch.json"
"Mixed_Grip_Chin","Mixed Grip Chin","","nombre_sin_espanol | pasos_sin_espanol | equipo_sin_confirmar | sin_video_o_gif_compatible","https://github.com/yuhonas/free-exercise-db/blob/main/exercises/Mixed_Grip_Chin.json"
"Monster_Walk","Monster Walk","","nombre_sin_espanol | pasos_sin_espanol | sin_video_o_gif_compatible","https://github.com/yuhonas/free-exercise-db/blob/main/exercises/Monster_Walk.json"
"Mountain_Climbers","Mountain Climbers","Escaladores","sin_video_o_gif_compatible","https://github.com/yuhonas/free-exercise-db/blob/main/exercises/Mountain_Climbers.json | https://wger.de/en/exercise/996/view/ | https://www.acefitness.org/resources/everyone/exercise-library/"
"Moving_Claw_Series","Moving Claw Series","","nombre_sin_espanol | pasos_sin_espanol | sin_video_o_gif_compatible","https://github.com/yuhonas/free-exercise-db/blob/main/exercises/Moving_Claw_Series.json"
"Muscle_Snatch","Muscle Snatch","","nombre_sin_espanol | pasos_sin_espanol | sin_video_o_gif_compatible","https://github.com/yuhonas/free-exercise-db/blob/main/exercises/Muscle_Snatch.json"
"Muscle_Up","Muscle Up","Muscle-up","equipo_sin_confirmar | sin_video_o_gif_compatible","https://github.com/yuhonas/free-exercise-db/blob/main/exercises/Muscle_Up.json | https://wger.de/en/exercise/423/view/"
"Narrow_Stance_Hack_Squats","Narrow Stance Hack Squats","","nombre_sin_espanol | pasos_sin_espanol | sin_video_o_gif_compatible","https://github.com/yuhonas/free-exercise-db/blob/main/exercises/Narrow_Stance_Hack_Squats.json"
"Narrow_Stance_Leg_Press","Narrow Stance Leg Press","","nombre_sin_espanol | pasos_sin_espanol | sin_video_o_gif_compatible","https://github.com/yuhonas/free-exercise-db/blob/main/exercises/Narrow_Stance_Leg_Press.json"
"Narrow_Stance_Squats","Narrow Stance Squats","","nombre_sin_espanol | pasos_sin_espanol | sin_video_o_gif_compatible","https://github.com/yuhonas/free-exercise-db/blob/main/exercises/Narrow_Stance_Squats.json"
"Natural_Glute_Ham_Raise","Natural Glute Ham Raise","","nombre_sin_espanol | pasos_sin_espanol | sin_video_o_gif_compatible","https://github.com/yuhonas/free-exercise-db/blob/main/exercises/Natural_Glute_Ham_Raise.json"
"Neck-SMR","Neck-SMR","","nombre_sin_espanol | pasos_sin_espanol | equipo_sin_confirmar | sin_video_o_gif_compatible","https://github.com/yuhonas/free-exercise-db/blob/main/exercises/Neck-SMR.json"
"Neck_Press","Neck Press","","nombre_sin_espanol | pasos_sin_espanol | sin_video_o_gif_compatible","https://github.com/yuhonas/free-exercise-db/blob/main/exercises/Neck_Press.json"
"Oblique_Crunches","Oblique Crunches","","nombre_sin_espanol | pasos_sin_espanol | sin_video_o_gif_compatible","https://github.com/yuhonas/free-exercise-db/blob/main/exercises/Oblique_Crunches.json"
"Oblique_Crunches_-_On_The_Floor","Oblique Crunches - On The Floor","","nombre_sin_espanol | pasos_sin_espanol | sin_video_o_gif_compatible","https://github.com/yuhonas/free-exercise-db/blob/main/exercises/Oblique_Crunches_-_On_The_Floor.json"
"Olympic_Squat","Olympic Squat","","nombre_sin_espanol | pasos_sin_espanol | sin_video_o_gif_compatible","https://github.com/yuhonas/free-exercise-db/blob/main/exercises/Olympic_Squat.json"
"On-Your-Back_Quad_Stretch","On-Your-Back Quad Stretch","","nombre_sin_espanol | pasos_sin_espanol | equipo_sin_confirmar | sin_video_o_gif_compatible","https://github.com/yuhonas/free-exercise-db/blob/main/exercises/On-Your-Back_Quad_Stretch.json"
"On_Your_Side_Quad_Stretch","On Your Side Quad Stretch","","nombre_sin_espanol | pasos_sin_espanol | sin_video_o_gif_compatible","https://github.com/yuhonas/free-exercise-db/blob/main/exercises/On_Your_Side_Quad_Stretch.json"
"One-Arm_Dumbbell_Row","One-Arm Dumbbell Row","Remo con mancuerna a una mano","sin_video_o_gif_compatible","https://github.com/yuhonas/free-exercise-db/blob/main/exercises/One-Arm_Dumbbell_Row.json | https://wger.de/en/exercise/2642/view/ | https://www.acefitness.org/resources/everyone/exercise-library/"
"One-Arm_Flat_Bench_Dumbbell_Flye","One-Arm Flat Bench Dumbbell Flye","","nombre_sin_espanol | pasos_sin_espanol | sin_video_o_gif_compatible","https://github.com/yuhonas/free-exercise-db/blob/main/exercises/One-Arm_Flat_Bench_Dumbbell_Flye.json"
"One-Arm_High-Pulley_Cable_Side_Bends","One-Arm High-Pulley Cable Side Bends","","nombre_sin_espanol | pasos_sin_espanol | sin_video_o_gif_compatible","https://github.com/yuhonas/free-exercise-db/blob/main/exercises/One-Arm_High-Pulley_Cable_Side_Bends.json"
"One-Arm_Incline_Lateral_Raise","One-Arm Incline Lateral Raise","","nombre_sin_espanol | pasos_sin_espanol | sin_video_o_gif_compatible","https://github.com/yuhonas/free-exercise-db/blob/main/exercises/One-Arm_Incline_Lateral_Raise.json"
"One-Arm_Kettlebell_Clean","One-Arm Kettlebell Clean","","nombre_sin_espanol | pasos_sin_espanol | sin_video_o_gif_compatible","https://github.com/yuhonas/free-exercise-db/blob/main/exercises/One-Arm_Kettlebell_Clean.json"
"One-Arm_Kettlebell_Clean_and_Jerk","One-Arm Kettlebell Clean and Jerk","","nombre_sin_espanol | pasos_sin_espanol | sin_video_o_gif_compatible","https://github.com/yuhonas/free-exercise-db/blob/main/exercises/One-Arm_Kettlebell_Clean_and_Jerk.json"
"One-Arm_Kettlebell_Floor_Press","One-Arm Kettlebell Floor Press","","nombre_sin_espanol | pasos_sin_espanol | sin_video_o_gif_compatible","https://github.com/yuhonas/free-exercise-db/blob/main/exercises/One-Arm_Kettlebell_Floor_Press.json"
"One-Arm_Kettlebell_Jerk","One-Arm Kettlebell Jerk","","nombre_sin_espanol | pasos_sin_espanol | sin_video_o_gif_compatible","https://github.com/yuhonas/free-exercise-db/blob/main/exercises/One-Arm_Kettlebell_Jerk.json"
"One-Arm_Kettlebell_Military_Press_To_The_Side","One-Arm Kettlebell Military Press To The Side","","nombre_sin_espanol | pasos_sin_espanol | sin_video_o_gif_compatible","https://github.com/yuhonas/free-exercise-db/blob/main/exercises/One-Arm_Kettlebell_Military_Press_To_The_Side.json"
"One-Arm_Kettlebell_Para_Press","One-Arm Kettlebell Para Press","","nombre_sin_espanol | pasos_sin_espanol | sin_video_o_gif_compatible","https://github.com/yuhonas/free-exercise-db/blob/main/exercises/One-Arm_Kettlebell_Para_Press.json"
"One-Arm_Kettlebell_Push_Press","One-Arm Kettlebell Push Press","","nombre_sin_espanol | pasos_sin_espanol | sin_video_o_gif_compatible","https://github.com/yuhonas/free-exercise-db/blob/main/exercises/One-Arm_Kettlebell_Push_Press.json"
"One-Arm_Kettlebell_Row","One-Arm Kettlebell Row","","nombre_sin_espanol | pasos_sin_espanol | sin_video_o_gif_compatible","https://github.com/yuhonas/free-exercise-db/blob/main/exercises/One-Arm_Kettlebell_Row.json"
"One-Arm_Kettlebell_Snatch","One-Arm Kettlebell Snatch","","nombre_sin_espanol | pasos_sin_espanol | sin_video_o_gif_compatible","https://github.com/yuhonas/free-exercise-db/blob/main/exercises/One-Arm_Kettlebell_Snatch.json"
"One-Arm_Kettlebell_Split_Jerk","One-Arm Kettlebell Split Jerk","","nombre_sin_espanol | pasos_sin_espanol | sin_video_o_gif_compatible","https://github.com/yuhonas/free-exercise-db/blob/main/exercises/One-Arm_Kettlebell_Split_Jerk.json"
"One-Arm_Kettlebell_Split_Snatch","One-Arm Kettlebell Split Snatch","","nombre_sin_espanol | pasos_sin_espanol | sin_video_o_gif_compatible","https://github.com/yuhonas/free-exercise-db/blob/main/exercises/One-Arm_Kettlebell_Split_Snatch.json"
"One-Arm_Kettlebell_Swings","One-Arm Kettlebell Swings","","nombre_sin_espanol | pasos_sin_espanol | sin_instrucciones | sin_video_o_gif_compatible","https://github.com/yuhonas/free-exercise-db/blob/main/exercises/One-Arm_Kettlebell_Swings.json"
"One-Arm_Long_Bar_Row","One-Arm Long Bar Row","","nombre_sin_espanol | pasos_sin_espanol | sin_video_o_gif_compatible","https://github.com/yuhonas/free-exercise-db/blob/main/exercises/One-Arm_Long_Bar_Row.json"
"One-Arm_Medicine_Ball_Slam","One-Arm Medicine Ball Slam","","nombre_sin_espanol | pasos_sin_espanol | sin_video_o_gif_compatible","https://github.com/yuhonas/free-exercise-db/blob/main/exercises/One-Arm_Medicine_Ball_Slam.json"
"One-Arm_Open_Palm_Kettlebell_Clean","One-Arm Open Palm Kettlebell Clean","","nombre_sin_espanol | pasos_sin_espanol | sin_video_o_gif_compatible","https://github.com/yuhonas/free-exercise-db/blob/main/exercises/One-Arm_Open_Palm_Kettlebell_Clean.json"
"One-Arm_Overhead_Kettlebell_Squats","One-Arm Overhead Kettlebell Squats","","nombre_sin_espanol | pasos_sin_espanol | sin_video_o_gif_compatible","https://github.com/yuhonas/free-exercise-db/blob/main/exercises/One-Arm_Overhead_Kettlebell_Squats.json"
"One-Arm_Side_Deadlift","One-Arm Side Deadlift","","nombre_sin_espanol | pasos_sin_espanol | sin_video_o_gif_compatible","https://github.com/yuhonas/free-exercise-db/blob/main/exercises/One-Arm_Side_Deadlift.json"
"One-Arm_Side_Laterals","One-Arm Side Laterals","","nombre_sin_espanol | pasos_sin_espanol | sin_video_o_gif_compatible","https://github.com/yuhonas/free-exercise-db/blob/main/exercises/One-Arm_Side_Laterals.json"
"One-Legged_Cable_Kickback","One-Legged Cable Kickback","","nombre_sin_espanol | pasos_sin_espanol | sin_video_o_gif_compatible","https://github.com/yuhonas/free-exercise-db/blob/main/exercises/One-Legged_Cable_Kickback.json"
"One_Arm_Against_Wall","One Arm Against Wall","","nombre_sin_espanol | pasos_sin_espanol | sin_video_o_gif_compatible","https://github.com/yuhonas/free-exercise-db/blob/main/exercises/One_Arm_Against_Wall.json"
"One_Arm_Chin-Up","One Arm Chin-Up","","nombre_sin_espanol | pasos_sin_espanol | equipo_sin_confirmar | sin_video_o_gif_compatible","https://github.com/yuhonas/free-exercise-db/blob/main/exercises/One_Arm_Chin-Up.json"
"One_Arm_Dumbbell_Bench_Press","One Arm Dumbbell Bench Press","","nombre_sin_espanol | pasos_sin_espanol | sin_video_o_gif_compatible","https://github.com/yuhonas/free-exercise-db/blob/main/exercises/One_Arm_Dumbbell_Bench_Press.json"
"One_Arm_Dumbbell_Preacher_Curl","One Arm Dumbbell Preacher Curl","","nombre_sin_espanol | pasos_sin_espanol | sin_video_o_gif_compatible","https://github.com/yuhonas/free-exercise-db/blob/main/exercises/One_Arm_Dumbbell_Preacher_Curl.json"
"One_Arm_Floor_Press","One Arm Floor Press","","nombre_sin_espanol | pasos_sin_espanol | sin_video_o_gif_compatible","https://github.com/yuhonas/free-exercise-db/blob/main/exercises/One_Arm_Floor_Press.json"
"One_Arm_Lat_Pulldown","One Arm Lat Pulldown","","nombre_sin_espanol | pasos_sin_espanol | sin_video_o_gif_compatible","https://github.com/yuhonas/free-exercise-db/blob/main/exercises/One_Arm_Lat_Pulldown.json"
"One_Arm_Pronated_Dumbbell_Triceps_Extension","One Arm Pronated Dumbbell Triceps Extension","","nombre_sin_espanol | pasos_sin_espanol | sin_video_o_gif_compatible","https://github.com/yuhonas/free-exercise-db/blob/main/exercises/One_Arm_Pronated_Dumbbell_Triceps_Extension.json"
"One_Arm_Supinated_Dumbbell_Triceps_Extension","One Arm Supinated Dumbbell Triceps Extension","","nombre_sin_espanol | pasos_sin_espanol | sin_video_o_gif_compatible","https://github.com/yuhonas/free-exercise-db/blob/main/exercises/One_Arm_Supinated_Dumbbell_Triceps_Extension.json"
"One_Half_Locust","One Half Locust","","nombre_sin_espanol | pasos_sin_espanol | sin_video_o_gif_compatible","https://github.com/yuhonas/free-exercise-db/blob/main/exercises/One_Half_Locust.json"
"One_Handed_Hang","One Handed Hang","","nombre_sin_espanol | pasos_sin_espanol | equipo_sin_confirmar | sin_video_o_gif_compatible","https://github.com/yuhonas/free-exercise-db/blob/main/exercises/One_Handed_Hang.json"
"One_Knee_To_Chest","One Knee To Chest","","nombre_sin_espanol | pasos_sin_espanol | sin_video_o_gif_compatible","https://github.com/yuhonas/free-exercise-db/blob/main/exercises/One_Knee_To_Chest.json"
"One_Leg_Barbell_Squat","One Leg Barbell Squat","","nombre_sin_espanol | pasos_sin_espanol | sin_video_o_gif_compatible","https://github.com/yuhonas/free-exercise-db/blob/main/exercises/One_Leg_Barbell_Squat.json"
"Open_Palm_Kettlebell_Clean","Open Palm Kettlebell Clean","","nombre_sin_espanol | pasos_sin_espanol | sin_video_o_gif_compatible","https://github.com/yuhonas/free-exercise-db/blob/main/exercises/Open_Palm_Kettlebell_Clean.json"
"Otis-Up","Otis-Up","","nombre_sin_espanol | pasos_sin_espanol | equipo_sin_confirmar | sin_video_o_gif_compatible","https://github.com/yuhonas/free-exercise-db/blob/main/exercises/Otis-Up.json"
"Overhead_Cable_Curl","Overhead Cable Curl","","nombre_sin_espanol | pasos_sin_espanol | sin_video_o_gif_compatible","https://github.com/yuhonas/free-exercise-db/blob/main/exercises/Overhead_Cable_Curl.json"
"Overhead_Lat","Overhead Lat","","nombre_sin_espanol | pasos_sin_espanol | equipo_sin_confirmar | sin_video_o_gif_compatible","https://github.com/yuhonas/free-exercise-db/blob/main/exercises/Overhead_Lat.json"
"Overhead_Slam","Overhead Slam","","nombre_sin_espanol | pasos_sin_espanol | sin_video_o_gif_compatible","https://github.com/yuhonas/free-exercise-db/blob/main/exercises/Overhead_Slam.json"
"Overhead_Squat","Overhead Squat","Sentadilla por encima de la cabeza","sin_video_o_gif_compatible","https://github.com/yuhonas/free-exercise-db/blob/main/exercises/Overhead_Squat.json | https://wger.de/en/exercise/441/view/"
"Overhead_Stretch","Overhead Stretch","","nombre_sin_espanol | pasos_sin_espanol | sin_video_o_gif_compatible","https://github.com/yuhonas/free-exercise-db/blob/main/exercises/Overhead_Stretch.json"
"Overhead_Triceps","Overhead Triceps","","nombre_sin_espanol | pasos_sin_espanol | sin_video_o_gif_compatible","https://github.com/yuhonas/free-exercise-db/blob/main/exercises/Overhead_Triceps.json"
"Pallof_Press","Pallof Press","Pallof Press","sin_video_o_gif_compatible","https://github.com/yuhonas/free-exercise-db/blob/main/exercises/Pallof_Press.json | https://wger.de/en/exercise/1194/view/"
"Pallof_Press_With_Rotation","Pallof Press With Rotation","","nombre_sin_espanol | pasos_sin_espanol | sin_video_o_gif_compatible","https://github.com/yuhonas/free-exercise-db/blob/main/exercises/Pallof_Press_With_Rotation.json"
"Palms-Down_Dumbbell_Wrist_Curl_Over_A_Bench","Palms-Down Dumbbell Wrist Curl Over A Bench","","nombre_sin_espanol | pasos_sin_espanol | sin_video_o_gif_compatible","https://github.com/yuhonas/free-exercise-db/blob/main/exercises/Palms-Down_Dumbbell_Wrist_Curl_Over_A_Bench.json"
"Palms-Down_Wrist_Curl_Over_A_Bench","Palms-Down Wrist Curl Over A Bench","","nombre_sin_espanol | pasos_sin_espanol | sin_video_o_gif_compatible","https://github.com/yuhonas/free-exercise-db/blob/main/exercises/Palms-Down_Wrist_Curl_Over_A_Bench.json"
"Palms-Up_Barbell_Wrist_Curl_Over_A_Bench","Palms-Up Barbell Wrist Curl Over A Bench","","nombre_sin_espanol | pasos_sin_espanol | sin_video_o_gif_compatible","https://github.com/yuhonas/free-exercise-db/blob/main/exercises/Palms-Up_Barbell_Wrist_Curl_Over_A_Bench.json"
"Palms-Up_Dumbbell_Wrist_Curl_Over_A_Bench","Palms-Up Dumbbell Wrist Curl Over A Bench","","nombre_sin_espanol | pasos_sin_espanol | sin_video_o_gif_compatible","https://github.com/yuhonas/free-exercise-db/blob/main/exercises/Palms-Up_Dumbbell_Wrist_Curl_Over_A_Bench.json"
"Parallel_Bar_Dip","Parallel Bar Dip","","nombre_sin_espanol | pasos_sin_espanol | equipo_sin_confirmar | sin_video_o_gif_compatible","https://github.com/yuhonas/free-exercise-db/blob/main/exercises/Parallel_Bar_Dip.json"
"Pelvic_Tilt_Into_Bridge","Pelvic Tilt Into Bridge","","nombre_sin_espanol | pasos_sin_espanol | sin_video_o_gif_compatible","https://github.com/yuhonas/free-exercise-db/blob/main/exercises/Pelvic_Tilt_Into_Bridge.json"
"Peroneals-SMR","Peroneals-SMR","","nombre_sin_espanol | pasos_sin_espanol | sin_video_o_gif_compatible","https://github.com/yuhonas/free-exercise-db/blob/main/exercises/Peroneals-SMR.json"
"Peroneals_Stretch","Peroneals Stretch","","nombre_sin_espanol | pasos_sin_espanol | equipo_sin_confirmar | sin_video_o_gif_compatible","https://github.com/yuhonas/free-exercise-db/blob/main/exercises/Peroneals_Stretch.json"
"Physioball_Hip_Bridge","Physioball Hip Bridge","","nombre_sin_espanol | pasos_sin_espanol | sin_video_o_gif_compatible","https://github.com/yuhonas/free-exercise-db/blob/main/exercises/Physioball_Hip_Bridge.json"
"Pin_Presses","Pin Presses","","nombre_sin_espanol | pasos_sin_espanol | sin_video_o_gif_compatible","https://github.com/yuhonas/free-exercise-db/blob/main/exercises/Pin_Presses.json"
"Piriformis-SMR","Piriformis-SMR","","nombre_sin_espanol | pasos_sin_espanol | sin_video_o_gif_compatible","https://github.com/yuhonas/free-exercise-db/blob/main/exercises/Piriformis-SMR.json"
"Plate_Pinch","Plate Pinch","","nombre_sin_espanol | pasos_sin_espanol | equipo_sin_confirmar | sin_video_o_gif_compatible","https://github.com/yuhonas/free-exercise-db/blob/main/exercises/Plate_Pinch.json"
"Plate_Twist","Plate Twist","","nombre_sin_espanol | pasos_sin_espanol | equipo_sin_confirmar | sin_video_o_gif_compatible","https://github.com/yuhonas/free-exercise-db/blob/main/exercises/Plate_Twist.json"
"Platform_Hamstring_Slides","Platform Hamstring Slides","","nombre_sin_espanol | pasos_sin_espanol | equipo_sin_confirmar | sin_video_o_gif_compatible","https://github.com/yuhonas/free-exercise-db/blob/main/exercises/Platform_Hamstring_Slides.json"
"Plie_Dumbbell_Squat","Plie Dumbbell Squat","","nombre_sin_espanol | pasos_sin_espanol | sin_video_o_gif_compatible","https://github.com/yuhonas/free-exercise-db/blob/main/exercises/Plie_Dumbbell_Squat.json"
"Plyo_Kettlebell_Pushups","Plyo Kettlebell Pushups","","nombre_sin_espanol | pasos_sin_espanol | sin_video_o_gif_compatible","https://github.com/yuhonas/free-exercise-db/blob/main/exercises/Plyo_Kettlebell_Pushups.json"
"Plyo_Push-up","Plyo Push-up","","nombre_sin_espanol | pasos_sin_espanol | sin_video_o_gif_compatible","https://github.com/yuhonas/free-exercise-db/blob/main/exercises/Plyo_Push-up.json"
"Posterior_Tibialis_Stretch","Posterior Tibialis Stretch","","nombre_sin_espanol | pasos_sin_espanol | equipo_sin_confirmar | sin_video_o_gif_compatible","https://github.com/yuhonas/free-exercise-db/blob/main/exercises/Posterior_Tibialis_Stretch.json"
"Power_Clean","Power Clean","","nombre_sin_espanol | pasos_sin_espanol | sin_video_o_gif_compatible","https://github.com/yuhonas/free-exercise-db/blob/main/exercises/Power_Clean.json | https://wger.de/en/exercise/683/view/"
"Power_Clean_from_Blocks","Power Clean from Blocks","","nombre_sin_espanol | pasos_sin_espanol | sin_video_o_gif_compatible","https://github.com/yuhonas/free-exercise-db/blob/main/exercises/Power_Clean_from_Blocks.json"
"Power_Jerk","Power Jerk","","nombre_sin_espanol | pasos_sin_espanol | sin_video_o_gif_compatible","https://github.com/yuhonas/free-exercise-db/blob/main/exercises/Power_Jerk.json"
"Power_Partials","Power Partials","","nombre_sin_espanol | pasos_sin_espanol | sin_video_o_gif_compatible","https://github.com/yuhonas/free-exercise-db/blob/main/exercises/Power_Partials.json"
"Power_Snatch","Power Snatch","","nombre_sin_espanol | pasos_sin_espanol | sin_video_o_gif_compatible","https://github.com/yuhonas/free-exercise-db/blob/main/exercises/Power_Snatch.json"
"Power_Snatch_from_Blocks","Power Snatch from Blocks","","nombre_sin_espanol | pasos_sin_espanol | sin_video_o_gif_compatible","https://github.com/yuhonas/free-exercise-db/blob/main/exercises/Power_Snatch_from_Blocks.json"
"Power_Stairs","Power Stairs","","nombre_sin_espanol | pasos_sin_espanol | equipo_sin_confirmar | sin_video_o_gif_compatible","https://github.com/yuhonas/free-exercise-db/blob/main/exercises/Power_Stairs.json"
"Preacher_Curl","Preacher Curl","","nombre_sin_espanol | pasos_sin_espanol | sin_video_o_gif_compatible","https://github.com/yuhonas/free-exercise-db/blob/main/exercises/Preacher_Curl.json"
"Preacher_Hammer_Dumbbell_Curl","Preacher Hammer Dumbbell Curl","","nombre_sin_espanol | pasos_sin_espanol | sin_video_o_gif_compatible","https://github.com/yuhonas/free-exercise-db/blob/main/exercises/Preacher_Hammer_Dumbbell_Curl.json"
"Press_Sit-Up","Press Sit-Up","","nombre_sin_espanol | pasos_sin_espanol | sin_video_o_gif_compatible","https://github.com/yuhonas/free-exercise-db/blob/main/exercises/Press_Sit-Up.json"
"Prone_Manual_Hamstring","Prone Manual Hamstring","","nombre_sin_espanol | pasos_sin_espanol | sin_video_o_gif_compatible","https://github.com/yuhonas/free-exercise-db/blob/main/exercises/Prone_Manual_Hamstring.json"
"Prowler_Sprint","Prowler Sprint","","nombre_sin_espanol | pasos_sin_espanol | equipo_sin_confirmar | sin_video_o_gif_compatible","https://github.com/yuhonas/free-exercise-db/blob/main/exercises/Prowler_Sprint.json"
"Pull_Through","Pull Through","","nombre_sin_espanol | pasos_sin_espanol | sin_video_o_gif_compatible","https://github.com/yuhonas/free-exercise-db/blob/main/exercises/Pull_Through.json"
"Push-Up_Wide","Push-Up Wide","","nombre_sin_espanol | pasos_sin_espanol | sin_video_o_gif_compatible","https://github.com/yuhonas/free-exercise-db/blob/main/exercises/Push-Up_Wide.json"
"Push-Ups_-_Close_Triceps_Position","Push-Ups - Close Triceps Position","","nombre_sin_espanol | pasos_sin_espanol | sin_video_o_gif_compatible","https://github.com/yuhonas/free-exercise-db/blob/main/exercises/Push-Ups_-_Close_Triceps_Position.json"
"Push-Ups_With_Feet_Elevated","Push-Ups With Feet Elevated","","nombre_sin_espanol | pasos_sin_espanol | sin_video_o_gif_compatible","https://github.com/yuhonas/free-exercise-db/blob/main/exercises/Push-Ups_With_Feet_Elevated.json"
"Push-Ups_With_Feet_On_An_Exercise_Ball","Push-Ups With Feet On An Exercise Ball","","nombre_sin_espanol | pasos_sin_espanol | sin_video_o_gif_compatible","https://github.com/yuhonas/free-exercise-db/blob/main/exercises/Push-Ups_With_Feet_On_An_Exercise_Ball.json"
"Push_Press","Push Press","Press de hombro con mancuernas","sin_video_o_gif_compatible","https://github.com/yuhonas/free-exercise-db/blob/main/exercises/Push_Press.json | https://wger.de/en/exercise/478/view/"
"Push_Press_-_Behind_the_Neck","Push Press - Behind the Neck","","nombre_sin_espanol | pasos_sin_espanol | sin_video_o_gif_compatible","https://github.com/yuhonas/free-exercise-db/blob/main/exercises/Push_Press_-_Behind_the_Neck.json"
"Push_Up_to_Side_Plank","Push Up to Side Plank","","nombre_sin_espanol | pasos_sin_espanol | sin_video_o_gif_compatible","https://github.com/yuhonas/free-exercise-db/blob/main/exercises/Push_Up_to_Side_Plank.json"
"Pushups_Close_and_Wide_Hand_Positions","Pushups (Close and Wide Hand Positions)","","nombre_sin_espanol | pasos_sin_espanol | sin_video_o_gif_compatible","https://github.com/yuhonas/free-exercise-db/blob/main/exercises/Pushups_Close_and_Wide_Hand_Positions.json"
"Pyramid","Pyramid","","nombre_sin_espanol | pasos_sin_espanol | sin_video_o_gif_compatible","https://github.com/yuhonas/free-exercise-db/blob/main/exercises/Pyramid.json"
"Quad_Stretch","Quad Stretch","","nombre_sin_espanol | pasos_sin_espanol | equipo_sin_confirmar | sin_video_o_gif_compatible","https://github.com/yuhonas/free-exercise-db/blob/main/exercises/Quad_Stretch.json | https://wger.de/en/exercise/1873/view/"
"Quadriceps-SMR","Quadriceps-SMR","","nombre_sin_espanol | pasos_sin_espanol | sin_video_o_gif_compatible","https://github.com/yuhonas/free-exercise-db/blob/main/exercises/Quadriceps-SMR.json"
"Quick_Leap","Quick Leap","","nombre_sin_espanol | pasos_sin_espanol | equipo_sin_confirmar | sin_video_o_gif_compatible","https://github.com/yuhonas/free-exercise-db/blob/main/exercises/Quick_Leap.json"
"Rack_Delivery","Rack Delivery","","nombre_sin_espanol | pasos_sin_espanol | sin_video_o_gif_compatible","https://github.com/yuhonas/free-exercise-db/blob/main/exercises/Rack_Delivery.json"
"Rack_Pull_with_Bands","Rack Pull with Bands","","nombre_sin_espanol | pasos_sin_espanol | sin_video_o_gif_compatible","https://github.com/yuhonas/free-exercise-db/blob/main/exercises/Rack_Pull_with_Bands.json"
"Rack_Pulls","Rack Pulls","","nombre_sin_espanol | pasos_sin_espanol | sin_video_o_gif_compatible","https://github.com/yuhonas/free-exercise-db/blob/main/exercises/Rack_Pulls.json"
"Rear_Leg_Raises","Rear Leg Raises","","nombre_sin_espanol | pasos_sin_espanol | sin_video_o_gif_compatible","https://github.com/yuhonas/free-exercise-db/blob/main/exercises/Rear_Leg_Raises.json"
"Recumbent_Bike","Recumbent Bike","","nombre_sin_espanol | pasos_sin_espanol | sin_video_o_gif_compatible","https://github.com/yuhonas/free-exercise-db/blob/main/exercises/Recumbent_Bike.json | https://wger.de/en/exercise/1376/view/"
"Return_Push_from_Stance","Return Push from Stance","","nombre_sin_espanol | pasos_sin_espanol | sin_video_o_gif_compatible","https://github.com/yuhonas/free-exercise-db/blob/main/exercises/Return_Push_from_Stance.json"
"Reverse_Band_Bench_Press","Reverse Band Bench Press","","nombre_sin_espanol | pasos_sin_espanol | sin_video_o_gif_compatible","https://github.com/yuhonas/free-exercise-db/blob/main/exercises/Reverse_Band_Bench_Press.json"
"Reverse_Band_Box_Squat","Reverse Band Box Squat","","nombre_sin_espanol | pasos_sin_espanol | sin_video_o_gif_compatible","https://github.com/yuhonas/free-exercise-db/blob/main/exercises/Reverse_Band_Box_Squat.json"
"Reverse_Band_Deadlift","Reverse Band Deadlift","","nombre_sin_espanol | pasos_sin_espanol | sin_video_o_gif_compatible","https://github.com/yuhonas/free-exercise-db/blob/main/exercises/Reverse_Band_Deadlift.json"
"Reverse_Band_Power_Squat","Reverse Band Power Squat","","nombre_sin_espanol | pasos_sin_espanol | sin_video_o_gif_compatible","https://github.com/yuhonas/free-exercise-db/blob/main/exercises/Reverse_Band_Power_Squat.json"
"Reverse_Band_Sumo_Deadlift","Reverse Band Sumo Deadlift","","nombre_sin_espanol | pasos_sin_espanol | sin_video_o_gif_compatible","https://github.com/yuhonas/free-exercise-db/blob/main/exercises/Reverse_Band_Sumo_Deadlift.json"
"Reverse_Barbell_Curl","Reverse Barbell Curl","","nombre_sin_espanol | pasos_sin_espanol | sin_video_o_gif_compatible","https://github.com/yuhonas/free-exercise-db/blob/main/exercises/Reverse_Barbell_Curl.json"
"Reverse_Barbell_Preacher_Curls","Reverse Barbell Preacher Curls","","nombre_sin_espanol | pasos_sin_espanol | sin_video_o_gif_compatible","https://github.com/yuhonas/free-exercise-db/blob/main/exercises/Reverse_Barbell_Preacher_Curls.json"
"Reverse_Cable_Curl","Reverse Cable Curl","","nombre_sin_espanol | pasos_sin_espanol | sin_video_o_gif_compatible","https://github.com/yuhonas/free-exercise-db/blob/main/exercises/Reverse_Cable_Curl.json"
"Reverse_Crunch","Reverse Crunch","Crunch inverso","sin_video_o_gif_compatible","https://github.com/yuhonas/free-exercise-db/blob/main/exercises/Reverse_Crunch.json | https://wger.de/en/exercise/1772/view/"
"Reverse_Flyes","Reverse Flyes","","nombre_sin_espanol | pasos_sin_espanol | sin_video_o_gif_compatible","https://github.com/yuhonas/free-exercise-db/blob/main/exercises/Reverse_Flyes.json"
"Reverse_Flyes_With_External_Rotation","Reverse Flyes With External Rotation","","nombre_sin_espanol | pasos_sin_espanol | sin_video_o_gif_compatible","https://github.com/yuhonas/free-exercise-db/blob/main/exercises/Reverse_Flyes_With_External_Rotation.json"
"Reverse_Grip_Bent-Over_Rows","Reverse Grip Bent-Over Rows","","nombre_sin_espanol | pasos_sin_espanol | sin_video_o_gif_compatible","https://github.com/yuhonas/free-exercise-db/blob/main/exercises/Reverse_Grip_Bent-Over_Rows.json"
"Reverse_Grip_Triceps_Pushdown","Reverse Grip Triceps Pushdown","","nombre_sin_espanol | pasos_sin_espanol | sin_video_o_gif_compatible","https://github.com/yuhonas/free-exercise-db/blob/main/exercises/Reverse_Grip_Triceps_Pushdown.json"
"Reverse_Hyperextension","Reverse Hyperextension","Hiperextensión inversa","sin_video_o_gif_compatible","https://github.com/yuhonas/free-exercise-db/blob/main/exercises/Reverse_Hyperextension.json | https://wger.de/en/exercise/1809/view/"
"Reverse_Machine_Flyes","Reverse Machine Flyes","","nombre_sin_espanol | pasos_sin_espanol | sin_video_o_gif_compatible","https://github.com/yuhonas/free-exercise-db/blob/main/exercises/Reverse_Machine_Flyes.json"
"Reverse_Plate_Curls","Reverse Plate Curls","","nombre_sin_espanol | pasos_sin_espanol | equipo_sin_confirmar | sin_video_o_gif_compatible","https://github.com/yuhonas/free-exercise-db/blob/main/exercises/Reverse_Plate_Curls.json"
"Reverse_Triceps_Bench_Press","Reverse Triceps Bench Press","","nombre_sin_espanol | pasos_sin_espanol | sin_video_o_gif_compatible","https://github.com/yuhonas/free-exercise-db/blob/main/exercises/Reverse_Triceps_Bench_Press.json"
"Rhomboids-SMR","Rhomboids-SMR","","nombre_sin_espanol | pasos_sin_espanol | sin_video_o_gif_compatible","https://github.com/yuhonas/free-exercise-db/blob/main/exercises/Rhomboids-SMR.json"
"Rickshaw_Carry","Rickshaw Carry","","nombre_sin_espanol | pasos_sin_espanol | equipo_sin_confirmar | sin_video_o_gif_compatible","https://github.com/yuhonas/free-exercise-db/blob/main/exercises/Rickshaw_Carry.json"
"Rickshaw_Deadlift","Rickshaw Deadlift","","nombre_sin_espanol | pasos_sin_espanol | equipo_sin_confirmar | sin_video_o_gif_compatible","https://github.com/yuhonas/free-exercise-db/blob/main/exercises/Rickshaw_Deadlift.json"
"Ring_Dips","Ring Dips","","nombre_sin_espanol | pasos_sin_espanol | equipo_sin_confirmar | sin_video_o_gif_compatible","https://github.com/yuhonas/free-exercise-db/blob/main/exercises/Ring_Dips.json | https://wger.de/en/exercise/501/view/"
"Rocket_Jump","Rocket Jump","","nombre_sin_espanol | pasos_sin_espanol | sin_video_o_gif_compatible","https://github.com/yuhonas/free-exercise-db/blob/main/exercises/Rocket_Jump.json"
"Rocking_Standing_Calf_Raise","Rocking Standing Calf Raise","","nombre_sin_espanol | pasos_sin_espanol | sin_video_o_gif_compatible","https://github.com/yuhonas/free-exercise-db/blob/main/exercises/Rocking_Standing_Calf_Raise.json"
"Rocky_Pull-Ups_Pulldowns","Rocky Pull-Ups/Pulldowns","","nombre_sin_espanol | pasos_sin_espanol | equipo_sin_confirmar | sin_video_o_gif_compatible","https://github.com/yuhonas/free-exercise-db/blob/main/exercises/Rocky_Pull-Ups_Pulldowns.json"
"Romanian_Deadlift_from_Deficit","Romanian Deadlift from Deficit","","nombre_sin_espanol | pasos_sin_espanol | sin_video_o_gif_compatible","https://github.com/yuhonas/free-exercise-db/blob/main/exercises/Romanian_Deadlift_from_Deficit.json"
"Rope_Climb","Rope Climb","","nombre_sin_espanol | pasos_sin_espanol | equipo_sin_confirmar | sin_video_o_gif_compatible","https://github.com/yuhonas/free-exercise-db/blob/main/exercises/Rope_Climb.json"
"Rope_Crunch","Rope Crunch","","nombre_sin_espanol | pasos_sin_espanol | sin_video_o_gif_compatible","https://github.com/yuhonas/free-exercise-db/blob/main/exercises/Rope_Crunch.json"
"Rope_Jumping","Rope Jumping","Salto de cuerda","sin_video_o_gif_compatible","https://github.com/yuhonas/free-exercise-db/blob/main/exercises/Rope_Jumping.json | https://www.acefitness.org/resources/everyone/exercise-library/"
"Rope_Straight-Arm_Pulldown","Rope Straight-Arm Pulldown","","nombre_sin_espanol | pasos_sin_espanol | sin_video_o_gif_compatible","https://github.com/yuhonas/free-exercise-db/blob/main/exercises/Rope_Straight-Arm_Pulldown.json"
"Round_The_World_Shoulder_Stretch","Round The World Shoulder Stretch","","nombre_sin_espanol | pasos_sin_espanol | equipo_sin_confirmar | sin_video_o_gif_compatible","https://github.com/yuhonas/free-exercise-db/blob/main/exercises/Round_The_World_Shoulder_Stretch.json"
"Rowing_Stationary","Rowing, Stationary","","nombre_sin_espanol | pasos_sin_espanol | sin_video_o_gif_compatible","https://github.com/yuhonas/free-exercise-db/blob/main/exercises/Rowing_Stationary.json"
"Runners_Stretch","Runner's Stretch","","nombre_sin_espanol | pasos_sin_espanol | sin_video_o_gif_compatible","https://github.com/yuhonas/free-exercise-db/blob/main/exercises/Runners_Stretch.json"
"Running_Treadmill","Running, Treadmill","","nombre_sin_espanol | pasos_sin_espanol | sin_video_o_gif_compatible","https://github.com/yuhonas/free-exercise-db/blob/main/exercises/Running_Treadmill.json"
"Russian_Twist","Russian Twist","Abdominales rusas","sin_video_o_gif_compatible","https://github.com/yuhonas/free-exercise-db/blob/main/exercises/Russian_Twist.json | https://wger.de/en/exercise/1193/view/"
"Sandbag_Load","Sandbag Load","","nombre_sin_espanol | pasos_sin_espanol | equipo_sin_confirmar | sin_video_o_gif_compatible","https://github.com/yuhonas/free-exercise-db/blob/main/exercises/Sandbag_Load.json"
"Scapular_Pull-Up","Scapular Pull-Up","","nombre_sin_espanol | pasos_sin_espanol | sin_video_o_gif_compatible","https://github.com/yuhonas/free-exercise-db/blob/main/exercises/Scapular_Pull-Up.json"
"Scissor_Kick","Scissor Kick","","nombre_sin_espanol | pasos_sin_espanol | sin_video_o_gif_compatible","https://github.com/yuhonas/free-exercise-db/blob/main/exercises/Scissor_Kick.json"
"Scissors_Jump","Scissors Jump","","nombre_sin_espanol | pasos_sin_espanol | sin_video_o_gif_compatible","https://github.com/yuhonas/free-exercise-db/blob/main/exercises/Scissors_Jump.json"
"Seated_Band_Hamstring_Curl","Seated Band Hamstring Curl","","nombre_sin_espanol | pasos_sin_espanol | equipo_sin_confirmar | sin_video_o_gif_compatible","https://github.com/yuhonas/free-exercise-db/blob/main/exercises/Seated_Band_Hamstring_Curl.json"
"Seated_Barbell_Military_Press","Seated Barbell Military Press","","nombre_sin_espanol | pasos_sin_espanol | sin_video_o_gif_compatible","https://github.com/yuhonas/free-exercise-db/blob/main/exercises/Seated_Barbell_Military_Press.json"
"Seated_Barbell_Twist","Seated Barbell Twist","","nombre_sin_espanol | pasos_sin_espanol | sin_video_o_gif_compatible","https://github.com/yuhonas/free-exercise-db/blob/main/exercises/Seated_Barbell_Twist.json"
"Seated_Bent-Over_One-Arm_Dumbbell_Triceps_Extension","Seated Bent-Over One-Arm Dumbbell Triceps Extension","","nombre_sin_espanol | pasos_sin_espanol | sin_video_o_gif_compatible","https://github.com/yuhonas/free-exercise-db/blob/main/exercises/Seated_Bent-Over_One-Arm_Dumbbell_Triceps_Extension.json"
"Seated_Bent-Over_Rear_Delt_Raise","Seated Bent-Over Rear Delt Raise","","nombre_sin_espanol | pasos_sin_espanol | sin_video_o_gif_compatible","https://github.com/yuhonas/free-exercise-db/blob/main/exercises/Seated_Bent-Over_Rear_Delt_Raise.json"
"Seated_Bent-Over_Two-Arm_Dumbbell_Triceps_Extension","Seated Bent-Over Two-Arm Dumbbell Triceps Extension","","nombre_sin_espanol | pasos_sin_espanol | sin_video_o_gif_compatible","https://github.com/yuhonas/free-exercise-db/blob/main/exercises/Seated_Bent-Over_Two-Arm_Dumbbell_Triceps_Extension.json"
"Seated_Biceps","Seated Biceps","","nombre_sin_espanol | pasos_sin_espanol | sin_video_o_gif_compatible","https://github.com/yuhonas/free-exercise-db/blob/main/exercises/Seated_Biceps.json"
"Seated_Cable_Shoulder_Press","Seated Cable Shoulder Press","","nombre_sin_espanol | pasos_sin_espanol | sin_video_o_gif_compatible","https://github.com/yuhonas/free-exercise-db/blob/main/exercises/Seated_Cable_Shoulder_Press.json"
"Seated_Calf_Raise","Seated Calf Raise","","nombre_sin_espanol | pasos_sin_espanol | sin_video_o_gif_compatible","https://github.com/yuhonas/free-exercise-db/blob/main/exercises/Seated_Calf_Raise.json"
"Seated_Calf_Stretch","Seated Calf Stretch","","nombre_sin_espanol | pasos_sin_espanol | sin_video_o_gif_compatible","https://github.com/yuhonas/free-exercise-db/blob/main/exercises/Seated_Calf_Stretch.json"
"Seated_Close-Grip_Concentration_Barbell_Curl","Seated Close-Grip Concentration Barbell Curl","","nombre_sin_espanol | pasos_sin_espanol | sin_video_o_gif_compatible","https://github.com/yuhonas/free-exercise-db/blob/main/exercises/Seated_Close-Grip_Concentration_Barbell_Curl.json"
"Seated_Dumbbell_Curl","Seated Dumbbell Curl","","nombre_sin_espanol | pasos_sin_espanol | sin_video_o_gif_compatible","https://github.com/yuhonas/free-exercise-db/blob/main/exercises/Seated_Dumbbell_Curl.json"
"Seated_Dumbbell_Inner_Biceps_Curl","Seated Dumbbell Inner Biceps Curl","","nombre_sin_espanol | pasos_sin_espanol | sin_video_o_gif_compatible","https://github.com/yuhonas/free-exercise-db/blob/main/exercises/Seated_Dumbbell_Inner_Biceps_Curl.json"
"Seated_Dumbbell_Palms-Down_Wrist_Curl","Seated Dumbbell Palms-Down Wrist Curl","","nombre_sin_espanol | pasos_sin_espanol | sin_video_o_gif_compatible","https://github.com/yuhonas/free-exercise-db/blob/main/exercises/Seated_Dumbbell_Palms-Down_Wrist_Curl.json"
"Seated_Dumbbell_Palms-Up_Wrist_Curl","Seated Dumbbell Palms-Up Wrist Curl","","nombre_sin_espanol | pasos_sin_espanol | sin_video_o_gif_compatible","https://github.com/yuhonas/free-exercise-db/blob/main/exercises/Seated_Dumbbell_Palms-Up_Wrist_Curl.json"
"Seated_Dumbbell_Press","Seated Dumbbell Press","","nombre_sin_espanol | pasos_sin_espanol | sin_video_o_gif_compatible","https://github.com/yuhonas/free-exercise-db/blob/main/exercises/Seated_Dumbbell_Press.json"
"Seated_Flat_Bench_Leg_Pull-In","Seated Flat Bench Leg Pull-In","","nombre_sin_espanol | pasos_sin_espanol | sin_video_o_gif_compatible","https://github.com/yuhonas/free-exercise-db/blob/main/exercises/Seated_Flat_Bench_Leg_Pull-In.json"
"Seated_Floor_Hamstring_Stretch","Seated Floor Hamstring Stretch","","nombre_sin_espanol | pasos_sin_espanol | sin_video_o_gif_compatible","https://github.com/yuhonas/free-exercise-db/blob/main/exercises/Seated_Floor_Hamstring_Stretch.json"
"Seated_Front_Deltoid","Seated Front Deltoid","","nombre_sin_espanol | pasos_sin_espanol | sin_video_o_gif_compatible","https://github.com/yuhonas/free-exercise-db/blob/main/exercises/Seated_Front_Deltoid.json"
"Seated_Glute","Seated Glute","","nombre_sin_espanol | pasos_sin_espanol | sin_video_o_gif_compatible","https://github.com/yuhonas/free-exercise-db/blob/main/exercises/Seated_Glute.json"
"Seated_Good_Mornings","Seated Good Mornings","","nombre_sin_espanol | pasos_sin_espanol | sin_video_o_gif_compatible","https://github.com/yuhonas/free-exercise-db/blob/main/exercises/Seated_Good_Mornings.json"
"Seated_Hamstring","Seated Hamstring","","nombre_sin_espanol | pasos_sin_espanol | sin_video_o_gif_compatible","https://github.com/yuhonas/free-exercise-db/blob/main/exercises/Seated_Hamstring.json"
"Seated_Hamstring_and_Calf_Stretch","Seated Hamstring and Calf Stretch","","nombre_sin_espanol | pasos_sin_espanol | equipo_sin_confirmar | sin_video_o_gif_compatible","https://github.com/yuhonas/free-exercise-db/blob/main/exercises/Seated_Hamstring_and_Calf_Stretch.json"
"Seated_Head_Harness_Neck_Resistance","Seated Head Harness Neck Resistance","","nombre_sin_espanol | pasos_sin_espanol | equipo_sin_confirmar | sin_video_o_gif_compatible","https://github.com/yuhonas/free-exercise-db/blob/main/exercises/Seated_Head_Harness_Neck_Resistance.json"
"Seated_Leg_Curl","Seated Leg Curl","","nombre_sin_espanol | pasos_sin_espanol | sin_video_o_gif_compatible","https://github.com/yuhonas/free-exercise-db/blob/main/exercises/Seated_Leg_Curl.json"
"Seated_Leg_Tucks","Seated Leg Tucks","","nombre_sin_espanol | pasos_sin_espanol | sin_video_o_gif_compatible","https://github.com/yuhonas/free-exercise-db/blob/main/exercises/Seated_Leg_Tucks.json"
"Seated_One-Arm_Dumbbell_Palms-Down_Wrist_Curl","Seated One-Arm Dumbbell Palms-Down Wrist Curl","","nombre_sin_espanol | pasos_sin_espanol | sin_video_o_gif_compatible","https://github.com/yuhonas/free-exercise-db/blob/main/exercises/Seated_One-Arm_Dumbbell_Palms-Down_Wrist_Curl.json"
"Seated_One-Arm_Dumbbell_Palms-Up_Wrist_Curl","Seated One-Arm Dumbbell Palms-Up Wrist Curl","","nombre_sin_espanol | pasos_sin_espanol | sin_video_o_gif_compatible","https://github.com/yuhonas/free-exercise-db/blob/main/exercises/Seated_One-Arm_Dumbbell_Palms-Up_Wrist_Curl.json"
"Seated_One-arm_Cable_Pulley_Rows","Seated One-arm Cable Pulley Rows","","nombre_sin_espanol | pasos_sin_espanol | sin_video_o_gif_compatible","https://github.com/yuhonas/free-exercise-db/blob/main/exercises/Seated_One-arm_Cable_Pulley_Rows.json"
"Seated_Overhead_Stretch","Seated Overhead Stretch","","nombre_sin_espanol | pasos_sin_espanol | sin_video_o_gif_compatible","https://github.com/yuhonas/free-exercise-db/blob/main/exercises/Seated_Overhead_Stretch.json"
"Seated_Palm-Up_Barbell_Wrist_Curl","Seated Palm-Up Barbell Wrist Curl","","nombre_sin_espanol | pasos_sin_espanol | sin_video_o_gif_compatible","https://github.com/yuhonas/free-exercise-db/blob/main/exercises/Seated_Palm-Up_Barbell_Wrist_Curl.json"
"Seated_Palms-Down_Barbell_Wrist_Curl","Seated Palms-Down Barbell Wrist Curl","","nombre_sin_espanol | pasos_sin_espanol | sin_video_o_gif_compatible","https://github.com/yuhonas/free-exercise-db/blob/main/exercises/Seated_Palms-Down_Barbell_Wrist_Curl.json"
"Seated_Side_Lateral_Raise","Seated Side Lateral Raise","","nombre_sin_espanol | pasos_sin_espanol | sin_video_o_gif_compatible","https://github.com/yuhonas/free-exercise-db/blob/main/exercises/Seated_Side_Lateral_Raise.json"
"Seated_Triceps_Press","Seated Triceps Press","Press de tríceps sentado","sin_video_o_gif_compatible","https://github.com/yuhonas/free-exercise-db/blob/main/exercises/Seated_Triceps_Press.json | https://wger.de/en/exercise/549/view/"
"Seated_Two-Arm_Palms-Up_Low-Pulley_Wrist_Curl","Seated Two-Arm Palms-Up Low-Pulley Wrist Curl","","nombre_sin_espanol | pasos_sin_espanol | sin_video_o_gif_compatible","https://github.com/yuhonas/free-exercise-db/blob/main/exercises/Seated_Two-Arm_Palms-Up_Low-Pulley_Wrist_Curl.json"
"See-Saw_Press_Alternating_Side_Press","See-Saw Press (Alternating Side Press)","","nombre_sin_espanol | pasos_sin_espanol | sin_video_o_gif_compatible","https://github.com/yuhonas/free-exercise-db/blob/main/exercises/See-Saw_Press_Alternating_Side_Press.json"
"Shotgun_Row","Shotgun Row","Shotgun Row","sin_video_o_gif_compatible","https://github.com/yuhonas/free-exercise-db/blob/main/exercises/Shotgun_Row.json | https://wger.de/en/exercise/562/view/"
"Shoulder_Circles","Shoulder Circles","","nombre_sin_espanol | pasos_sin_espanol | sin_video_o_gif_compatible","https://github.com/yuhonas/free-exercise-db/blob/main/exercises/Shoulder_Circles.json"
"Shoulder_Press_-_With_Bands","Shoulder Press - With Bands","","nombre_sin_espanol | pasos_sin_espanol | sin_video_o_gif_compatible","https://github.com/yuhonas/free-exercise-db/blob/main/exercises/Shoulder_Press_-_With_Bands.json"
"Shoulder_Raise","Shoulder Raise","","nombre_sin_espanol | pasos_sin_espanol | sin_video_o_gif_compatible","https://github.com/yuhonas/free-exercise-db/blob/main/exercises/Shoulder_Raise.json"
"Shoulder_Stretch","Shoulder Stretch","","nombre_sin_espanol | pasos_sin_espanol | sin_video_o_gif_compatible","https://github.com/yuhonas/free-exercise-db/blob/main/exercises/Shoulder_Stretch.json"
"Side-Lying_Floor_Stretch","Side-Lying Floor Stretch","","nombre_sin_espanol | pasos_sin_espanol | sin_video_o_gif_compatible","https://github.com/yuhonas/free-exercise-db/blob/main/exercises/Side-Lying_Floor_Stretch.json"
"Side_Bridge","Side Bridge","","nombre_sin_espanol | pasos_sin_espanol | sin_instrucciones | sin_video_o_gif_compatible","https://github.com/yuhonas/free-exercise-db/blob/main/exercises/Side_Bridge.json"
"Side_Hop-Sprint","Side Hop-Sprint","","nombre_sin_espanol | pasos_sin_espanol | equipo_sin_confirmar | sin_video_o_gif_compatible","https://github.com/yuhonas/free-exercise-db/blob/main/exercises/Side_Hop-Sprint.json"
"Side_Jackknife","Side Jackknife","","nombre_sin_espanol | pasos_sin_espanol | sin_instrucciones | sin_video_o_gif_compatible","https://github.com/yuhonas/free-exercise-db/blob/main/exercises/Side_Jackknife.json"
"Side_Lateral_Raise","Side Lateral Raise","Elevaciones laterales","pasos_sin_espanol | sin_video_o_gif_compatible","https://github.com/yuhonas/free-exercise-db/blob/main/exercises/Side_Lateral_Raise.json"
"Side_Laterals_to_Front_Raise","Side Laterals to Front Raise","","nombre_sin_espanol | pasos_sin_espanol | sin_video_o_gif_compatible","https://github.com/yuhonas/free-exercise-db/blob/main/exercises/Side_Laterals_to_Front_Raise.json"
"Side_Leg_Raises","Side Leg Raises","","nombre_sin_espanol | pasos_sin_espanol | sin_video_o_gif_compatible","https://github.com/yuhonas/free-exercise-db/blob/main/exercises/Side_Leg_Raises.json"
"Side_Lying_Groin_Stretch","Side Lying Groin Stretch","","nombre_sin_espanol | pasos_sin_espanol | sin_video_o_gif_compatible","https://github.com/yuhonas/free-exercise-db/blob/main/exercises/Side_Lying_Groin_Stretch.json"
"Side_Neck_Stretch","Side Neck Stretch","","nombre_sin_espanol | pasos_sin_espanol | sin_video_o_gif_compatible","https://github.com/yuhonas/free-exercise-db/blob/main/exercises/Side_Neck_Stretch.json"
"Side_Standing_Long_Jump","Side Standing Long Jump","","nombre_sin_espanol | pasos_sin_espanol | sin_video_o_gif_compatible","https://github.com/yuhonas/free-exercise-db/blob/main/exercises/Side_Standing_Long_Jump.json"
"Side_To_Side_Chins","Side To Side Chins","","nombre_sin_espanol | pasos_sin_espanol | equipo_sin_confirmar | sin_video_o_gif_compatible","https://github.com/yuhonas/free-exercise-db/blob/main/exercises/Side_To_Side_Chins.json"
"Side_Wrist_Pull","Side Wrist Pull","","nombre_sin_espanol | pasos_sin_espanol | sin_video_o_gif_compatible","https://github.com/yuhonas/free-exercise-db/blob/main/exercises/Side_Wrist_Pull.json"
"Side_to_Side_Box_Shuffle","Side to Side Box Shuffle","","nombre_sin_espanol | pasos_sin_espanol | equipo_sin_confirmar | sin_video_o_gif_compatible","https://github.com/yuhonas/free-exercise-db/blob/main/exercises/Side_to_Side_Box_Shuffle.json"
"Single-Arm_Cable_Crossover","Single-Arm Cable Crossover","","nombre_sin_espanol | pasos_sin_espanol | sin_video_o_gif_compatible","https://github.com/yuhonas/free-exercise-db/blob/main/exercises/Single-Arm_Cable_Crossover.json"
"Single-Arm_Linear_Jammer","Single-Arm Linear Jammer","","nombre_sin_espanol | pasos_sin_espanol | sin_video_o_gif_compatible","https://github.com/yuhonas/free-exercise-db/blob/main/exercises/Single-Arm_Linear_Jammer.json"
"Single-Arm_Push-Up","Single-Arm Push-Up","","nombre_sin_espanol | pasos_sin_espanol | sin_video_o_gif_compatible","https://github.com/yuhonas/free-exercise-db/blob/main/exercises/Single-Arm_Push-Up.json"
"Single-Cone_Sprint_Drill","Single-Cone Sprint Drill","","nombre_sin_espanol | pasos_sin_espanol | equipo_sin_confirmar | sin_video_o_gif_compatible","https://github.com/yuhonas/free-exercise-db/blob/main/exercises/Single-Cone_Sprint_Drill.json"
"Single-Leg_High_Box_Squat","Single-Leg High Box Squat","","nombre_sin_espanol | pasos_sin_espanol | equipo_sin_confirmar | sin_video_o_gif_compatible","https://github.com/yuhonas/free-exercise-db/blob/main/exercises/Single-Leg_High_Box_Squat.json"
"Single-Leg_Hop_Progression","Single-Leg Hop Progression","","nombre_sin_espanol | pasos_sin_espanol | equipo_sin_confirmar | sin_video_o_gif_compatible","https://github.com/yuhonas/free-exercise-db/blob/main/exercises/Single-Leg_Hop_Progression.json"
"Single-Leg_Lateral_Hop","Single-Leg Lateral Hop","","nombre_sin_espanol | pasos_sin_espanol | equipo_sin_confirmar | sin_video_o_gif_compatible","https://github.com/yuhonas/free-exercise-db/blob/main/exercises/Single-Leg_Lateral_Hop.json"
"Single-Leg_Leg_Extension","Single-Leg Leg Extension","","nombre_sin_espanol | pasos_sin_espanol | sin_video_o_gif_compatible","https://github.com/yuhonas/free-exercise-db/blob/main/exercises/Single-Leg_Leg_Extension.json"
"Single-Leg_Stride_Jump","Single-Leg Stride Jump","","nombre_sin_espanol | pasos_sin_espanol | equipo_sin_confirmar | sin_video_o_gif_compatible","https://github.com/yuhonas/free-exercise-db/blob/main/exercises/Single-Leg_Stride_Jump.json"
"Single_Dumbbell_Raise","Single Dumbbell Raise","","nombre_sin_espanol | pasos_sin_espanol | sin_video_o_gif_compatible","https://github.com/yuhonas/free-exercise-db/blob/main/exercises/Single_Dumbbell_Raise.json"
"Single_Leg_Butt_Kick","Single Leg Butt Kick","","nombre_sin_espanol | pasos_sin_espanol | sin_video_o_gif_compatible","https://github.com/yuhonas/free-exercise-db/blob/main/exercises/Single_Leg_Butt_Kick.json"
"Single_Leg_Glute_Bridge","Single Leg Glute Bridge","","nombre_sin_espanol | pasos_sin_espanol | sin_video_o_gif_compatible","https://github.com/yuhonas/free-exercise-db/blob/main/exercises/Single_Leg_Glute_Bridge.json | https://wger.de/en/exercise/1740/view/"
"Single_Leg_Push-off","Single Leg Push-off","","nombre_sin_espanol | pasos_sin_espanol | equipo_sin_confirmar | sin_video_o_gif_compatible","https://github.com/yuhonas/free-exercise-db/blob/main/exercises/Single_Leg_Push-off.json"
"Sit-Up","Sit-Up","","nombre_sin_espanol | pasos_sin_espanol | sin_video_o_gif_compatible","https://github.com/yuhonas/free-exercise-db/blob/main/exercises/Sit-Up.json"
"Sit_Squats","Sit Squats","","nombre_sin_espanol | pasos_sin_espanol | sin_video_o_gif_compatible","https://github.com/yuhonas/free-exercise-db/blob/main/exercises/Sit_Squats.json"
"Skating","Skating","","nombre_sin_espanol | pasos_sin_espanol | equipo_sin_confirmar | sin_video_o_gif_compatible","https://github.com/yuhonas/free-exercise-db/blob/main/exercises/Skating.json"
"Sled_Drag_-_Harness","Sled Drag - Harness","","nombre_sin_espanol | pasos_sin_espanol | equipo_sin_confirmar | sin_video_o_gif_compatible","https://github.com/yuhonas/free-exercise-db/blob/main/exercises/Sled_Drag_-_Harness.json"
"Sled_Overhead_Backward_Walk","Sled Overhead Backward Walk","","nombre_sin_espanol | pasos_sin_espanol | equipo_sin_confirmar | sin_video_o_gif_compatible","https://github.com/yuhonas/free-exercise-db/blob/main/exercises/Sled_Overhead_Backward_Walk.json"
"Sled_Overhead_Triceps_Extension","Sled Overhead Triceps Extension","","nombre_sin_espanol | pasos_sin_espanol | equipo_sin_confirmar | sin_video_o_gif_compatible","https://github.com/yuhonas/free-exercise-db/blob/main/exercises/Sled_Overhead_Triceps_Extension.json"
"Sled_Push","Sled Push","Empuje de trineo","equipo_sin_confirmar | sin_video_o_gif_compatible","https://github.com/yuhonas/free-exercise-db/blob/main/exercises/Sled_Push.json | https://wger.de/en/exercise/1523/view/"
"Sled_Reverse_Flye","Sled Reverse Flye","","nombre_sin_espanol | pasos_sin_espanol | equipo_sin_confirmar | sin_video_o_gif_compatible","https://github.com/yuhonas/free-exercise-db/blob/main/exercises/Sled_Reverse_Flye.json"
"Sled_Row","Sled Row","","nombre_sin_espanol | pasos_sin_espanol | equipo_sin_confirmar | sin_video_o_gif_compatible","https://github.com/yuhonas/free-exercise-db/blob/main/exercises/Sled_Row.json"
"Sledgehammer_Swings","Sledgehammer Swings","","nombre_sin_espanol | pasos_sin_espanol | equipo_sin_confirmar | sin_video_o_gif_compatible","https://github.com/yuhonas/free-exercise-db/blob/main/exercises/Sledgehammer_Swings.json"
"Smith_Incline_Shoulder_Raise","Smith Incline Shoulder Raise","","nombre_sin_espanol | pasos_sin_espanol | sin_video_o_gif_compatible","https://github.com/yuhonas/free-exercise-db/blob/main/exercises/Smith_Incline_Shoulder_Raise.json"
"Smith_Machine_Behind_the_Back_Shrug","Smith Machine Behind the Back Shrug","","nombre_sin_espanol | pasos_sin_espanol | sin_video_o_gif_compatible","https://github.com/yuhonas/free-exercise-db/blob/main/exercises/Smith_Machine_Behind_the_Back_Shrug.json"
"Smith_Machine_Bench_Press","Smith Machine Bench Press","Press de banca en máquina Smith","pasos_sin_espanol","https://github.com/yuhonas/free-exercise-db/blob/main/exercises/Smith_Machine_Bench_Press.json | https://wger.de/en/exercise/73/view/"
"Smith_Machine_Bent_Over_Row","Smith Machine Bent Over Row","","nombre_sin_espanol | pasos_sin_espanol | sin_video_o_gif_compatible","https://github.com/yuhonas/free-exercise-db/blob/main/exercises/Smith_Machine_Bent_Over_Row.json"
"Smith_Machine_Calf_Raise","Smith Machine Calf Raise","","nombre_sin_espanol | pasos_sin_espanol | sin_video_o_gif_compatible","https://github.com/yuhonas/free-exercise-db/blob/main/exercises/Smith_Machine_Calf_Raise.json"
"Smith_Machine_Close-Grip_Bench_Press","Smith Machine Close-Grip Bench Press","Press de banca con agarre cerrado en multipower","sin_video_o_gif_compatible","https://github.com/yuhonas/free-exercise-db/blob/main/exercises/Smith_Machine_Close-Grip_Bench_Press.json | https://wger.de/en/exercise/598/view/"
"Smith_Machine_Decline_Press","Smith Machine Decline Press","","nombre_sin_espanol | pasos_sin_espanol | sin_video_o_gif_compatible","https://github.com/yuhonas/free-exercise-db/blob/main/exercises/Smith_Machine_Decline_Press.json"
"Smith_Machine_Hang_Power_Clean","Smith Machine Hang Power Clean","","nombre_sin_espanol | pasos_sin_espanol | sin_video_o_gif_compatible","https://github.com/yuhonas/free-exercise-db/blob/main/exercises/Smith_Machine_Hang_Power_Clean.json"
"Smith_Machine_Hip_Raise","Smith Machine Hip Raise","","nombre_sin_espanol | pasos_sin_espanol | sin_video_o_gif_compatible","https://github.com/yuhonas/free-exercise-db/blob/main/exercises/Smith_Machine_Hip_Raise.json"
"Smith_Machine_Incline_Bench_Press","Smith Machine Incline Bench Press","Press inclinado en máquina Smith","pasos_sin_espanol","https://github.com/yuhonas/free-exercise-db/blob/main/exercises/Smith_Machine_Incline_Bench_Press.json | https://wger.de/en/exercise/538/view/"
"Smith_Machine_Leg_Press","Smith Machine Leg Press","","nombre_sin_espanol | pasos_sin_espanol | sin_video_o_gif_compatible","https://github.com/yuhonas/free-exercise-db/blob/main/exercises/Smith_Machine_Leg_Press.json"
"Smith_Machine_One-Arm_Upright_Row","Smith Machine One-Arm Upright Row","","nombre_sin_espanol | pasos_sin_espanol | sin_video_o_gif_compatible","https://github.com/yuhonas/free-exercise-db/blob/main/exercises/Smith_Machine_One-Arm_Upright_Row.json"
"Smith_Machine_Overhead_Shoulder_Press","Smith Machine Overhead Shoulder Press","","nombre_sin_espanol | pasos_sin_espanol | sin_video_o_gif_compatible","https://github.com/yuhonas/free-exercise-db/blob/main/exercises/Smith_Machine_Overhead_Shoulder_Press.json"
"Smith_Machine_Pistol_Squat","Smith Machine Pistol Squat","","nombre_sin_espanol | pasos_sin_espanol | sin_video_o_gif_compatible","https://github.com/yuhonas/free-exercise-db/blob/main/exercises/Smith_Machine_Pistol_Squat.json"
"Smith_Machine_Reverse_Calf_Raises","Smith Machine Reverse Calf Raises","","nombre_sin_espanol | pasos_sin_espanol | sin_video_o_gif_compatible","https://github.com/yuhonas/free-exercise-db/blob/main/exercises/Smith_Machine_Reverse_Calf_Raises.json"
"Smith_Machine_Squat","Smith Machine Squat","Sentadilla multipower","sin_video_o_gif_compatible","https://github.com/yuhonas/free-exercise-db/blob/main/exercises/Smith_Machine_Squat.json | https://wger.de/en/exercise/1747/view/"
"Smith_Machine_Stiff-Legged_Deadlift","Smith Machine Stiff-Legged Deadlift","","nombre_sin_espanol | pasos_sin_espanol | sin_video_o_gif_compatible","https://github.com/yuhonas/free-exercise-db/blob/main/exercises/Smith_Machine_Stiff-Legged_Deadlift.json"
"Smith_Machine_Upright_Row","Smith Machine Upright Row","","nombre_sin_espanol | pasos_sin_espanol | sin_video_o_gif_compatible","https://github.com/yuhonas/free-exercise-db/blob/main/exercises/Smith_Machine_Upright_Row.json"
"Smith_Single-Leg_Split_Squat","Smith Single-Leg Split Squat","","nombre_sin_espanol | pasos_sin_espanol | sin_video_o_gif_compatible","https://github.com/yuhonas/free-exercise-db/blob/main/exercises/Smith_Single-Leg_Split_Squat.json"
"Snatch","Snatch","Arrancada (Snatch)","sin_video_o_gif_compatible","https://github.com/yuhonas/free-exercise-db/blob/main/exercises/Snatch.json | https://wger.de/en/exercise/599/view/"
"Snatch_Balance","Snatch Balance","","nombre_sin_espanol | pasos_sin_espanol | sin_video_o_gif_compatible","https://github.com/yuhonas/free-exercise-db/blob/main/exercises/Snatch_Balance.json"
"Snatch_Deadlift","Snatch Deadlift","","nombre_sin_espanol | pasos_sin_espanol | sin_video_o_gif_compatible","https://github.com/yuhonas/free-exercise-db/blob/main/exercises/Snatch_Deadlift.json"
"Snatch_Pull","Snatch Pull","","nombre_sin_espanol | pasos_sin_espanol | sin_video_o_gif_compatible","https://github.com/yuhonas/free-exercise-db/blob/main/exercises/Snatch_Pull.json"
"Snatch_Shrug","Snatch Shrug","","nombre_sin_espanol | pasos_sin_espanol | sin_video_o_gif_compatible","https://github.com/yuhonas/free-exercise-db/blob/main/exercises/Snatch_Shrug.json"
"Snatch_from_Blocks","Snatch from Blocks","","nombre_sin_espanol | pasos_sin_espanol | sin_video_o_gif_compatible","https://github.com/yuhonas/free-exercise-db/blob/main/exercises/Snatch_from_Blocks.json"
"Speed_Band_Overhead_Triceps","Speed Band Overhead Triceps","","nombre_sin_espanol | pasos_sin_espanol | sin_video_o_gif_compatible","https://github.com/yuhonas/free-exercise-db/blob/main/exercises/Speed_Band_Overhead_Triceps.json"
"Speed_Box_Squat","Speed Box Squat","","nombre_sin_espanol | pasos_sin_espanol | sin_video_o_gif_compatible","https://github.com/yuhonas/free-exercise-db/blob/main/exercises/Speed_Box_Squat.json"
"Speed_Squats","Speed Squats","","nombre_sin_espanol | pasos_sin_espanol | sin_video_o_gif_compatible","https://github.com/yuhonas/free-exercise-db/blob/main/exercises/Speed_Squats.json"
"Spell_Caster","Spell Caster","","nombre_sin_espanol | pasos_sin_espanol | sin_video_o_gif_compatible","https://github.com/yuhonas/free-exercise-db/blob/main/exercises/Spell_Caster.json"
"Spider_Crawl","Spider Crawl","","nombre_sin_espanol | pasos_sin_espanol | sin_video_o_gif_compatible","https://github.com/yuhonas/free-exercise-db/blob/main/exercises/Spider_Crawl.json"
"Spider_Curl","Spider Curl","Curl Araña","sin_video_o_gif_compatible","https://github.com/yuhonas/free-exercise-db/blob/main/exercises/Spider_Curl.json | https://wger.de/en/exercise/1465/view/"
"Spinal_Stretch","Spinal Stretch","","nombre_sin_espanol | pasos_sin_espanol | sin_video_o_gif_compatible","https://github.com/yuhonas/free-exercise-db/blob/main/exercises/Spinal_Stretch.json"
"Split_Clean","Split Clean","","nombre_sin_espanol | pasos_sin_espanol | sin_video_o_gif_compatible","https://github.com/yuhonas/free-exercise-db/blob/main/exercises/Split_Clean.json"
"Split_Jerk","Split Jerk","","nombre_sin_espanol | pasos_sin_espanol | sin_video_o_gif_compatible","https://github.com/yuhonas/free-exercise-db/blob/main/exercises/Split_Jerk.json"
"Split_Jump","Split Jump","","nombre_sin_espanol | pasos_sin_espanol | sin_video_o_gif_compatible","https://github.com/yuhonas/free-exercise-db/blob/main/exercises/Split_Jump.json"
"Split_Snatch","Split Snatch","","nombre_sin_espanol | pasos_sin_espanol | sin_video_o_gif_compatible","https://github.com/yuhonas/free-exercise-db/blob/main/exercises/Split_Snatch.json"
"Split_Squat_with_Dumbbells","Split Squat with Dumbbells","","nombre_sin_espanol | pasos_sin_espanol | sin_video_o_gif_compatible","https://github.com/yuhonas/free-exercise-db/blob/main/exercises/Split_Squat_with_Dumbbells.json"
"Split_Squats","Split Squats","","nombre_sin_espanol | pasos_sin_espanol | sin_video_o_gif_compatible","https://github.com/yuhonas/free-exercise-db/blob/main/exercises/Split_Squats.json"
"Squat_Jerk","Squat Jerk","","nombre_sin_espanol | pasos_sin_espanol | sin_video_o_gif_compatible","https://github.com/yuhonas/free-exercise-db/blob/main/exercises/Squat_Jerk.json"
"Squat_with_Bands","Squat with Bands","","nombre_sin_espanol | pasos_sin_espanol | sin_video_o_gif_compatible","https://github.com/yuhonas/free-exercise-db/blob/main/exercises/Squat_with_Bands.json"
"Squat_with_Chains","Squat with Chains","","nombre_sin_espanol | pasos_sin_espanol | sin_video_o_gif_compatible","https://github.com/yuhonas/free-exercise-db/blob/main/exercises/Squat_with_Chains.json"
"Squat_with_Plate_Movers","Squat with Plate Movers","","nombre_sin_espanol | pasos_sin_espanol | sin_video_o_gif_compatible","https://github.com/yuhonas/free-exercise-db/blob/main/exercises/Squat_with_Plate_Movers.json"
"Squats_-_With_Bands","Squats - With Bands","","nombre_sin_espanol | pasos_sin_espanol | sin_video_o_gif_compatible","https://github.com/yuhonas/free-exercise-db/blob/main/exercises/Squats_-_With_Bands.json"
"Stairmaster","Stairmaster","","nombre_sin_espanol | pasos_sin_espanol | sin_video_o_gif_compatible","https://github.com/yuhonas/free-exercise-db/blob/main/exercises/Stairmaster.json"
"Standing_Alternating_Dumbbell_Press","Standing Alternating Dumbbell Press","","nombre_sin_espanol | pasos_sin_espanol | sin_video_o_gif_compatible","https://github.com/yuhonas/free-exercise-db/blob/main/exercises/Standing_Alternating_Dumbbell_Press.json"
"Standing_Barbell_Calf_Raise","Standing Barbell Calf Raise","","nombre_sin_espanol | pasos_sin_espanol | sin_video_o_gif_compatible","https://github.com/yuhonas/free-exercise-db/blob/main/exercises/Standing_Barbell_Calf_Raise.json"
"Standing_Barbell_Press_Behind_Neck","Standing Barbell Press Behind Neck","","nombre_sin_espanol | pasos_sin_espanol | sin_video_o_gif_compatible","https://github.com/yuhonas/free-exercise-db/blob/main/exercises/Standing_Barbell_Press_Behind_Neck.json"
"Standing_Bent-Over_One-Arm_Dumbbell_Triceps_Extension","Standing Bent-Over One-Arm Dumbbell Triceps Extension","","nombre_sin_espanol | pasos_sin_espanol | sin_video_o_gif_compatible","https://github.com/yuhonas/free-exercise-db/blob/main/exercises/Standing_Bent-Over_One-Arm_Dumbbell_Triceps_Extension.json"
"Standing_Bent-Over_Two-Arm_Dumbbell_Triceps_Extension","Standing Bent-Over Two-Arm Dumbbell Triceps Extension","","nombre_sin_espanol | pasos_sin_espanol | sin_video_o_gif_compatible","https://github.com/yuhonas/free-exercise-db/blob/main/exercises/Standing_Bent-Over_Two-Arm_Dumbbell_Triceps_Extension.json"
"Standing_Biceps_Cable_Curl","Standing Biceps Cable Curl","","nombre_sin_espanol | pasos_sin_espanol | sin_video_o_gif_compatible","https://github.com/yuhonas/free-exercise-db/blob/main/exercises/Standing_Biceps_Cable_Curl.json"
"Standing_Biceps_Stretch","Standing Biceps Stretch","","nombre_sin_espanol | pasos_sin_espanol | equipo_sin_confirmar | sin_video_o_gif_compatible","https://github.com/yuhonas/free-exercise-db/blob/main/exercises/Standing_Biceps_Stretch.json"
"Standing_Bradford_Press","Standing Bradford Press","","nombre_sin_espanol | pasos_sin_espanol | sin_video_o_gif_compatible","https://github.com/yuhonas/free-exercise-db/blob/main/exercises/Standing_Bradford_Press.json"
"Standing_Cable_Chest_Press","Standing Cable Chest Press","","nombre_sin_espanol | pasos_sin_espanol | sin_video_o_gif_compatible","https://github.com/yuhonas/free-exercise-db/blob/main/exercises/Standing_Cable_Chest_Press.json"
"Standing_Cable_Lift","Standing Cable Lift","","nombre_sin_espanol | pasos_sin_espanol | sin_video_o_gif_compatible","https://github.com/yuhonas/free-exercise-db/blob/main/exercises/Standing_Cable_Lift.json"
"Standing_Cable_Wood_Chop","Standing Cable Wood Chop","","nombre_sin_espanol | pasos_sin_espanol | sin_video_o_gif_compatible","https://github.com/yuhonas/free-exercise-db/blob/main/exercises/Standing_Cable_Wood_Chop.json"
"Standing_Concentration_Curl","Standing Concentration Curl","","nombre_sin_espanol | pasos_sin_espanol | sin_video_o_gif_compatible","https://github.com/yuhonas/free-exercise-db/blob/main/exercises/Standing_Concentration_Curl.json"
"Standing_Dumbbell_Calf_Raise","Standing Dumbbell Calf Raise","","nombre_sin_espanol | pasos_sin_espanol | sin_video_o_gif_compatible","https://github.com/yuhonas/free-exercise-db/blob/main/exercises/Standing_Dumbbell_Calf_Raise.json"
"Standing_Dumbbell_Press","Standing Dumbbell Press","","nombre_sin_espanol | pasos_sin_espanol | sin_video_o_gif_compatible","https://github.com/yuhonas/free-exercise-db/blob/main/exercises/Standing_Dumbbell_Press.json"
"Standing_Dumbbell_Reverse_Curl","Standing Dumbbell Reverse Curl","","nombre_sin_espanol | pasos_sin_espanol | sin_video_o_gif_compatible","https://github.com/yuhonas/free-exercise-db/blob/main/exercises/Standing_Dumbbell_Reverse_Curl.json"
"Standing_Dumbbell_Straight-Arm_Front_Delt_Raise_Above_Head","Standing Dumbbell Straight-Arm Front Delt Raise Above Head","","nombre_sin_espanol | pasos_sin_espanol | sin_video_o_gif_compatible","https://github.com/yuhonas/free-exercise-db/blob/main/exercises/Standing_Dumbbell_Straight-Arm_Front_Delt_Raise_Above_Head.json"
"Standing_Dumbbell_Triceps_Extension","Standing Dumbbell Triceps Extension","","nombre_sin_espanol | pasos_sin_espanol | sin_video_o_gif_compatible","https://github.com/yuhonas/free-exercise-db/blob/main/exercises/Standing_Dumbbell_Triceps_Extension.json"
"Standing_Dumbbell_Upright_Row","Standing Dumbbell Upright Row","","nombre_sin_espanol | pasos_sin_espanol | sin_video_o_gif_compatible","https://github.com/yuhonas/free-exercise-db/blob/main/exercises/Standing_Dumbbell_Upright_Row.json"
"Standing_Elevated_Quad_Stretch","Standing Elevated Quad Stretch","","nombre_sin_espanol | pasos_sin_espanol | equipo_sin_confirmar | sin_video_o_gif_compatible","https://github.com/yuhonas/free-exercise-db/blob/main/exercises/Standing_Elevated_Quad_Stretch.json"
"Standing_Front_Barbell_Raise_Over_Head","Standing Front Barbell Raise Over Head","","nombre_sin_espanol | pasos_sin_espanol | sin_video_o_gif_compatible","https://github.com/yuhonas/free-exercise-db/blob/main/exercises/Standing_Front_Barbell_Raise_Over_Head.json"
"Standing_Gastrocnemius_Calf_Stretch","Standing Gastrocnemius Calf Stretch","","nombre_sin_espanol | pasos_sin_espanol | sin_video_o_gif_compatible","https://github.com/yuhonas/free-exercise-db/blob/main/exercises/Standing_Gastrocnemius_Calf_Stretch.json"
"Standing_Hamstring_and_Calf_Stretch","Standing Hamstring and Calf Stretch","","nombre_sin_espanol | pasos_sin_espanol | equipo_sin_confirmar | sin_video_o_gif_compatible","https://github.com/yuhonas/free-exercise-db/blob/main/exercises/Standing_Hamstring_and_Calf_Stretch.json"
"Standing_Hip_Circles","Standing Hip Circles","","nombre_sin_espanol | pasos_sin_espanol | sin_video_o_gif_compatible","https://github.com/yuhonas/free-exercise-db/blob/main/exercises/Standing_Hip_Circles.json"
"Standing_Hip_Flexors","Standing Hip Flexors","","nombre_sin_espanol | pasos_sin_espanol | sin_video_o_gif_compatible","https://github.com/yuhonas/free-exercise-db/blob/main/exercises/Standing_Hip_Flexors.json"
"Standing_Inner-Biceps_Curl","Standing Inner-Biceps Curl","","nombre_sin_espanol | pasos_sin_espanol | sin_video_o_gif_compatible","https://github.com/yuhonas/free-exercise-db/blob/main/exercises/Standing_Inner-Biceps_Curl.json"
"Standing_Lateral_Stretch","Standing Lateral Stretch","","nombre_sin_espanol | pasos_sin_espanol | sin_video_o_gif_compatible","https://github.com/yuhonas/free-exercise-db/blob/main/exercises/Standing_Lateral_Stretch.json"
"Standing_Leg_Curl","Standing Leg Curl","","nombre_sin_espanol | pasos_sin_espanol | sin_video_o_gif_compatible","https://github.com/yuhonas/free-exercise-db/blob/main/exercises/Standing_Leg_Curl.json"
"Standing_Long_Jump","Standing Long Jump","","nombre_sin_espanol | pasos_sin_espanol | sin_video_o_gif_compatible","https://github.com/yuhonas/free-exercise-db/blob/main/exercises/Standing_Long_Jump.json"
"Standing_Low-Pulley_Deltoid_Raise","Standing Low-Pulley Deltoid Raise","","nombre_sin_espanol | pasos_sin_espanol | sin_video_o_gif_compatible","https://github.com/yuhonas/free-exercise-db/blob/main/exercises/Standing_Low-Pulley_Deltoid_Raise.json"
"Standing_Low-Pulley_One-Arm_Triceps_Extension","Standing Low-Pulley One-Arm Triceps Extension","","nombre_sin_espanol | pasos_sin_espanol | sin_video_o_gif_compatible","https://github.com/yuhonas/free-exercise-db/blob/main/exercises/Standing_Low-Pulley_One-Arm_Triceps_Extension.json"
"Standing_Military_Press","Standing Military Press","","nombre_sin_espanol | pasos_sin_espanol | sin_video_o_gif_compatible","https://github.com/yuhonas/free-exercise-db/blob/main/exercises/Standing_Military_Press.json"
"Standing_Olympic_Plate_Hand_Squeeze","Standing Olympic Plate Hand Squeeze","","nombre_sin_espanol | pasos_sin_espanol | equipo_sin_confirmar | sin_video_o_gif_compatible","https://github.com/yuhonas/free-exercise-db/blob/main/exercises/Standing_Olympic_Plate_Hand_Squeeze.json"
"Standing_One-Arm_Cable_Curl","Standing One-Arm Cable Curl","","nombre_sin_espanol | pasos_sin_espanol | sin_video_o_gif_compatible","https://github.com/yuhonas/free-exercise-db/blob/main/exercises/Standing_One-Arm_Cable_Curl.json"
"Standing_One-Arm_Dumbbell_Curl_Over_Incline_Bench","Standing One-Arm Dumbbell Curl Over Incline Bench","","nombre_sin_espanol | pasos_sin_espanol | sin_video_o_gif_compatible","https://github.com/yuhonas/free-exercise-db/blob/main/exercises/Standing_One-Arm_Dumbbell_Curl_Over_Incline_Bench.json"
"Standing_One-Arm_Dumbbell_Triceps_Extension","Standing One-Arm Dumbbell Triceps Extension","","nombre_sin_espanol | pasos_sin_espanol | sin_video_o_gif_compatible","https://github.com/yuhonas/free-exercise-db/blob/main/exercises/Standing_One-Arm_Dumbbell_Triceps_Extension.json"
"Standing_Overhead_Barbell_Triceps_Extension","Standing Overhead Barbell Triceps Extension","","nombre_sin_espanol | pasos_sin_espanol | sin_video_o_gif_compatible","https://github.com/yuhonas/free-exercise-db/blob/main/exercises/Standing_Overhead_Barbell_Triceps_Extension.json"
"Standing_Palm-In_One-Arm_Dumbbell_Press","Standing Palm-In One-Arm Dumbbell Press","","nombre_sin_espanol | pasos_sin_espanol | sin_video_o_gif_compatible","https://github.com/yuhonas/free-exercise-db/blob/main/exercises/Standing_Palm-In_One-Arm_Dumbbell_Press.json"
"Standing_Palms-In_Dumbbell_Press","Standing Palms-In Dumbbell Press","","nombre_sin_espanol | pasos_sin_espanol | sin_video_o_gif_compatible","https://github.com/yuhonas/free-exercise-db/blob/main/exercises/Standing_Palms-In_Dumbbell_Press.json"
"Standing_Palms-Up_Barbell_Behind_The_Back_Wrist_Curl","Standing Palms-Up Barbell Behind The Back Wrist Curl","","nombre_sin_espanol | pasos_sin_espanol | sin_video_o_gif_compatible","https://github.com/yuhonas/free-exercise-db/blob/main/exercises/Standing_Palms-Up_Barbell_Behind_The_Back_Wrist_Curl.json"
"Standing_Pelvic_Tilt","Standing Pelvic Tilt","","nombre_sin_espanol | pasos_sin_espanol | sin_video_o_gif_compatible","https://github.com/yuhonas/free-exercise-db/blob/main/exercises/Standing_Pelvic_Tilt.json"
"Standing_Rope_Crunch","Standing Rope Crunch","","nombre_sin_espanol | pasos_sin_espanol | sin_video_o_gif_compatible","https://github.com/yuhonas/free-exercise-db/blob/main/exercises/Standing_Rope_Crunch.json"
"Standing_Soleus_And_Achilles_Stretch","Standing Soleus And Achilles Stretch","","nombre_sin_espanol | pasos_sin_espanol | sin_video_o_gif_compatible","https://github.com/yuhonas/free-exercise-db/blob/main/exercises/Standing_Soleus_And_Achilles_Stretch.json"
"Standing_Toe_Touches","Standing Toe Touches","","nombre_sin_espanol | pasos_sin_espanol | sin_video_o_gif_compatible","https://github.com/yuhonas/free-exercise-db/blob/main/exercises/Standing_Toe_Touches.json"
"Standing_Towel_Triceps_Extension","Standing Towel Triceps Extension","","nombre_sin_espanol | pasos_sin_espanol | sin_video_o_gif_compatible","https://github.com/yuhonas/free-exercise-db/blob/main/exercises/Standing_Towel_Triceps_Extension.json"
"Standing_Two-Arm_Overhead_Throw","Standing Two-Arm Overhead Throw","","nombre_sin_espanol | pasos_sin_espanol | sin_video_o_gif_compatible","https://github.com/yuhonas/free-exercise-db/blob/main/exercises/Standing_Two-Arm_Overhead_Throw.json"
"Star_Jump","Star Jump","","nombre_sin_espanol | pasos_sin_espanol | sin_video_o_gif_compatible","https://github.com/yuhonas/free-exercise-db/blob/main/exercises/Star_Jump.json"
"Step-up_with_Knee_Raise","Step-up with Knee Raise","","nombre_sin_espanol | pasos_sin_espanol | sin_video_o_gif_compatible","https://github.com/yuhonas/free-exercise-db/blob/main/exercises/Step-up_with_Knee_Raise.json"
"Step_Mill","Step Mill","","nombre_sin_espanol | pasos_sin_espanol | sin_video_o_gif_compatible","https://github.com/yuhonas/free-exercise-db/blob/main/exercises/Step_Mill.json"
"Stiff-Legged_Barbell_Deadlift","Stiff-Legged Barbell Deadlift","","nombre_sin_espanol | pasos_sin_espanol | sin_video_o_gif_compatible","https://github.com/yuhonas/free-exercise-db/blob/main/exercises/Stiff-Legged_Barbell_Deadlift.json"
"Stiff-Legged_Dumbbell_Deadlift","Stiff-Legged Dumbbell Deadlift","","nombre_sin_espanol | pasos_sin_espanol | sin_video_o_gif_compatible","https://github.com/yuhonas/free-exercise-db/blob/main/exercises/Stiff-Legged_Dumbbell_Deadlift.json"
"Stiff_Leg_Barbell_Good_Morning","Stiff Leg Barbell Good Morning","","nombre_sin_espanol | pasos_sin_espanol | sin_video_o_gif_compatible","https://github.com/yuhonas/free-exercise-db/blob/main/exercises/Stiff_Leg_Barbell_Good_Morning.json"
"Stomach_Vacuum","Stomach Vacuum","","nombre_sin_espanol | pasos_sin_espanol | sin_video_o_gif_compatible","https://github.com/yuhonas/free-exercise-db/blob/main/exercises/Stomach_Vacuum.json | https://wger.de/en/exercise/2673/view/"
"Straight-Arm_Dumbbell_Pullover","Straight-Arm Dumbbell Pullover","","nombre_sin_espanol | pasos_sin_espanol | sin_video_o_gif_compatible","https://github.com/yuhonas/free-exercise-db/blob/main/exercises/Straight-Arm_Dumbbell_Pullover.json"
"Straight-Arm_Pulldown","Straight-Arm Pulldown","","nombre_sin_espanol | pasos_sin_espanol | sin_video_o_gif_compatible","https://github.com/yuhonas/free-exercise-db/blob/main/exercises/Straight-Arm_Pulldown.json"
"Straight_Bar_Bench_Mid_Rows","Straight Bar Bench Mid Rows","","nombre_sin_espanol | pasos_sin_espanol | sin_video_o_gif_compatible","https://github.com/yuhonas/free-exercise-db/blob/main/exercises/Straight_Bar_Bench_Mid_Rows.json"
"Straight_Raises_on_Incline_Bench","Straight Raises on Incline Bench","","nombre_sin_espanol | pasos_sin_espanol | sin_video_o_gif_compatible","https://github.com/yuhonas/free-exercise-db/blob/main/exercises/Straight_Raises_on_Incline_Bench.json"
"Stride_Jump_Crossover","Stride Jump Crossover","","nombre_sin_espanol | pasos_sin_espanol | equipo_sin_confirmar | sin_video_o_gif_compatible","https://github.com/yuhonas/free-exercise-db/blob/main/exercises/Stride_Jump_Crossover.json"
"Sumo_Deadlift","Sumo Deadlift","Peso muerto sumo","sin_video_o_gif_compatible","https://github.com/yuhonas/free-exercise-db/blob/main/exercises/Sumo_Deadlift.json | https://wger.de/en/exercise/630/view/"
"Sumo_Deadlift_with_Bands","Sumo Deadlift with Bands","","nombre_sin_espanol | pasos_sin_espanol | sin_video_o_gif_compatible","https://github.com/yuhonas/free-exercise-db/blob/main/exercises/Sumo_Deadlift_with_Bands.json"
"Sumo_Deadlift_with_Chains","Sumo Deadlift with Chains","","nombre_sin_espanol | pasos_sin_espanol | sin_video_o_gif_compatible","https://github.com/yuhonas/free-exercise-db/blob/main/exercises/Sumo_Deadlift_with_Chains.json"
"Superman","Superman","Superman","sin_video_o_gif_compatible","https://github.com/yuhonas/free-exercise-db/blob/main/exercises/Superman.json | https://wger.de/en/exercise/636/view/"
"Supine_Chest_Throw","Supine Chest Throw","","nombre_sin_espanol | pasos_sin_espanol | sin_video_o_gif_compatible","https://github.com/yuhonas/free-exercise-db/blob/main/exercises/Supine_Chest_Throw.json"
"Supine_One-Arm_Overhead_Throw","Supine One-Arm Overhead Throw","","nombre_sin_espanol | pasos_sin_espanol | sin_video_o_gif_compatible","https://github.com/yuhonas/free-exercise-db/blob/main/exercises/Supine_One-Arm_Overhead_Throw.json"
"Supine_Two-Arm_Overhead_Throw","Supine Two-Arm Overhead Throw","","nombre_sin_espanol | pasos_sin_espanol | sin_video_o_gif_compatible","https://github.com/yuhonas/free-exercise-db/blob/main/exercises/Supine_Two-Arm_Overhead_Throw.json"
"Suspended_Fallout","Suspended Fallout","","nombre_sin_espanol | pasos_sin_espanol | equipo_sin_confirmar | sin_video_o_gif_compatible","https://github.com/yuhonas/free-exercise-db/blob/main/exercises/Suspended_Fallout.json"
"Suspended_Push-Up","Suspended Push-Up","","nombre_sin_espanol | pasos_sin_espanol | equipo_sin_confirmar | sin_video_o_gif_compatible","https://github.com/yuhonas/free-exercise-db/blob/main/exercises/Suspended_Push-Up.json"
"Suspended_Reverse_Crunch","Suspended Reverse Crunch","","nombre_sin_espanol | pasos_sin_espanol | equipo_sin_confirmar | sin_video_o_gif_compatible","https://github.com/yuhonas/free-exercise-db/blob/main/exercises/Suspended_Reverse_Crunch.json"
"Suspended_Row","Suspended Row","","nombre_sin_espanol | pasos_sin_espanol | equipo_sin_confirmar | sin_video_o_gif_compatible","https://github.com/yuhonas/free-exercise-db/blob/main/exercises/Suspended_Row.json"
"Suspended_Split_Squat","Suspended Split Squat","","nombre_sin_espanol | pasos_sin_espanol | equipo_sin_confirmar | sin_video_o_gif_compatible","https://github.com/yuhonas/free-exercise-db/blob/main/exercises/Suspended_Split_Squat.json"
"Svend_Press","Svend Press","","nombre_sin_espanol | pasos_sin_espanol | equipo_sin_confirmar | sin_video_o_gif_compatible","https://github.com/yuhonas/free-exercise-db/blob/main/exercises/Svend_Press.json"
"T-Bar_Row_with_Handle","T-Bar Row with Handle","","nombre_sin_espanol | pasos_sin_espanol | sin_video_o_gif_compatible","https://github.com/yuhonas/free-exercise-db/blob/main/exercises/T-Bar_Row_with_Handle.json"
"Tate_Press","Tate Press","","nombre_sin_espanol | pasos_sin_espanol | sin_video_o_gif_compatible","https://github.com/yuhonas/free-exercise-db/blob/main/exercises/Tate_Press.json"
"The_Straddle","The Straddle","","nombre_sin_espanol | pasos_sin_espanol | sin_video_o_gif_compatible","https://github.com/yuhonas/free-exercise-db/blob/main/exercises/The_Straddle.json"
"Thigh_Abductor","Thigh Abductor","","nombre_sin_espanol | pasos_sin_espanol | sin_video_o_gif_compatible","https://github.com/yuhonas/free-exercise-db/blob/main/exercises/Thigh_Abductor.json"
"Thigh_Adductor","Thigh Adductor","","nombre_sin_espanol | pasos_sin_espanol | sin_video_o_gif_compatible","https://github.com/yuhonas/free-exercise-db/blob/main/exercises/Thigh_Adductor.json"
"Tire_Flip","Tire Flip","","nombre_sin_espanol | pasos_sin_espanol | equipo_sin_confirmar | sin_video_o_gif_compatible","https://github.com/yuhonas/free-exercise-db/blob/main/exercises/Tire_Flip.json"
"Toe_Touchers","Toe Touchers","","nombre_sin_espanol | pasos_sin_espanol | sin_video_o_gif_compatible","https://github.com/yuhonas/free-exercise-db/blob/main/exercises/Toe_Touchers.json"
"Torso_Rotation","Torso Rotation","","nombre_sin_espanol | pasos_sin_espanol | sin_video_o_gif_compatible","https://github.com/yuhonas/free-exercise-db/blob/main/exercises/Torso_Rotation.json"
"Trail_Running_Walking","Trail Running/Walking","","nombre_sin_espanol | pasos_sin_espanol | sin_video_o_gif_compatible","https://github.com/yuhonas/free-exercise-db/blob/main/exercises/Trail_Running_Walking.json"
"Trap_Bar_Deadlift","Trap Bar Deadlift","","nombre_sin_espanol | pasos_sin_espanol | equipo_sin_confirmar | sin_video_o_gif_compatible","https://github.com/yuhonas/free-exercise-db/blob/main/exercises/Trap_Bar_Deadlift.json"
"Tricep_Side_Stretch","Tricep Side Stretch","","nombre_sin_espanol | pasos_sin_espanol | sin_video_o_gif_compatible","https://github.com/yuhonas/free-exercise-db/blob/main/exercises/Tricep_Side_Stretch.json"
"Triceps_Overhead_Extension_with_Rope","Triceps Overhead Extension with Rope","","nombre_sin_espanol | pasos_sin_espanol | sin_video_o_gif_compatible","https://github.com/yuhonas/free-exercise-db/blob/main/exercises/Triceps_Overhead_Extension_with_Rope.json"
"Triceps_Pushdown_-_Rope_Attachment","Triceps Pushdown - Rope Attachment","","nombre_sin_espanol | pasos_sin_espanol | sin_video_o_gif_compatible","https://github.com/yuhonas/free-exercise-db/blob/main/exercises/Triceps_Pushdown_-_Rope_Attachment.json"
"Triceps_Pushdown_-_V-Bar_Attachment","Triceps Pushdown - V-Bar Attachment","","nombre_sin_espanol | pasos_sin_espanol | sin_video_o_gif_compatible","https://github.com/yuhonas/free-exercise-db/blob/main/exercises/Triceps_Pushdown_-_V-Bar_Attachment.json"
"Triceps_Stretch","Triceps Stretch","","nombre_sin_espanol | pasos_sin_espanol | sin_video_o_gif_compatible","https://github.com/yuhonas/free-exercise-db/blob/main/exercises/Triceps_Stretch.json"
"Tuck_Crunch","Tuck Crunch","","nombre_sin_espanol | pasos_sin_espanol | sin_video_o_gif_compatible","https://github.com/yuhonas/free-exercise-db/blob/main/exercises/Tuck_Crunch.json"
"Two-Arm_Dumbbell_Preacher_Curl","Two-Arm Dumbbell Preacher Curl","","nombre_sin_espanol | pasos_sin_espanol | sin_video_o_gif_compatible","https://github.com/yuhonas/free-exercise-db/blob/main/exercises/Two-Arm_Dumbbell_Preacher_Curl.json"
"Two-Arm_Kettlebell_Clean","Two-Arm Kettlebell Clean","","nombre_sin_espanol | pasos_sin_espanol | sin_video_o_gif_compatible","https://github.com/yuhonas/free-exercise-db/blob/main/exercises/Two-Arm_Kettlebell_Clean.json"
"Two-Arm_Kettlebell_Jerk","Two-Arm Kettlebell Jerk","","nombre_sin_espanol | pasos_sin_espanol | sin_video_o_gif_compatible","https://github.com/yuhonas/free-exercise-db/blob/main/exercises/Two-Arm_Kettlebell_Jerk.json"
"Two-Arm_Kettlebell_Military_Press","Two-Arm Kettlebell Military Press","","nombre_sin_espanol | pasos_sin_espanol | sin_video_o_gif_compatible","https://github.com/yuhonas/free-exercise-db/blob/main/exercises/Two-Arm_Kettlebell_Military_Press.json"
"Two-Arm_Kettlebell_Row","Two-Arm Kettlebell Row","","nombre_sin_espanol | pasos_sin_espanol | sin_video_o_gif_compatible","https://github.com/yuhonas/free-exercise-db/blob/main/exercises/Two-Arm_Kettlebell_Row.json"
"Underhand_Cable_Pulldowns","Underhand Cable Pulldowns","","nombre_sin_espanol | pasos_sin_espanol | sin_video_o_gif_compatible","https://github.com/yuhonas/free-exercise-db/blob/main/exercises/Underhand_Cable_Pulldowns.json"
"Upper_Back-Leg_Grab","Upper Back-Leg Grab","","nombre_sin_espanol | pasos_sin_espanol | sin_video_o_gif_compatible","https://github.com/yuhonas/free-exercise-db/blob/main/exercises/Upper_Back-Leg_Grab.json"
"Upper_Back_Stretch","Upper Back Stretch","","nombre_sin_espanol | pasos_sin_espanol | sin_video_o_gif_compatible","https://github.com/yuhonas/free-exercise-db/blob/main/exercises/Upper_Back_Stretch.json"
"Upright_Barbell_Row","Upright Barbell Row","","nombre_sin_espanol | pasos_sin_espanol | sin_video_o_gif_compatible","https://github.com/yuhonas/free-exercise-db/blob/main/exercises/Upright_Barbell_Row.json"
"Upright_Cable_Row","Upright Cable Row","","nombre_sin_espanol | pasos_sin_espanol | sin_video_o_gif_compatible","https://github.com/yuhonas/free-exercise-db/blob/main/exercises/Upright_Cable_Row.json"
"Upright_Row_-_With_Bands","Upright Row - With Bands","","nombre_sin_espanol | pasos_sin_espanol | sin_video_o_gif_compatible","https://github.com/yuhonas/free-exercise-db/blob/main/exercises/Upright_Row_-_With_Bands.json"
"Upward_Stretch","Upward Stretch","","nombre_sin_espanol | pasos_sin_espanol | sin_video_o_gif_compatible","https://github.com/yuhonas/free-exercise-db/blob/main/exercises/Upward_Stretch.json"
"V-Bar_Pulldown","V-Bar Pulldown","","nombre_sin_espanol | pasos_sin_espanol | sin_video_o_gif_compatible","https://github.com/yuhonas/free-exercise-db/blob/main/exercises/V-Bar_Pulldown.json | https://wger.de/en/exercise/695/view/"
"V-Bar_Pullup","V-Bar Pullup","","nombre_sin_espanol | pasos_sin_espanol | sin_video_o_gif_compatible","https://github.com/yuhonas/free-exercise-db/blob/main/exercises/V-Bar_Pullup.json"
"Vertical_Swing","Vertical Swing","","nombre_sin_espanol | pasos_sin_espanol | sin_video_o_gif_compatible","https://github.com/yuhonas/free-exercise-db/blob/main/exercises/Vertical_Swing.json"
"Walking_Treadmill","Walking, Treadmill","","nombre_sin_espanol | pasos_sin_espanol | sin_video_o_gif_compatible","https://github.com/yuhonas/free-exercise-db/blob/main/exercises/Walking_Treadmill.json"
"Weighted_Ball_Hyperextension","Weighted Ball Hyperextension","","nombre_sin_espanol | pasos_sin_espanol | sin_video_o_gif_compatible","https://github.com/yuhonas/free-exercise-db/blob/main/exercises/Weighted_Ball_Hyperextension.json"
"Weighted_Ball_Side_Bend","Weighted Ball Side Bend","","nombre_sin_espanol | pasos_sin_espanol | sin_video_o_gif_compatible","https://github.com/yuhonas/free-exercise-db/blob/main/exercises/Weighted_Ball_Side_Bend.json"
"Weighted_Bench_Dip","Weighted Bench Dip","","nombre_sin_espanol | pasos_sin_espanol | equipo_sin_confirmar | sin_video_o_gif_compatible","https://github.com/yuhonas/free-exercise-db/blob/main/exercises/Weighted_Bench_Dip.json"
"Weighted_Crunches","Weighted Crunches","","nombre_sin_espanol | pasos_sin_espanol | sin_video_o_gif_compatible","https://github.com/yuhonas/free-exercise-db/blob/main/exercises/Weighted_Crunches.json"
"Weighted_Jump_Squat","Weighted Jump Squat","","nombre_sin_espanol | pasos_sin_espanol | sin_video_o_gif_compatible","https://github.com/yuhonas/free-exercise-db/blob/main/exercises/Weighted_Jump_Squat.json"
"Weighted_Pull_Ups","Weighted Pull Ups","","nombre_sin_espanol | pasos_sin_espanol | equipo_sin_confirmar | sin_video_o_gif_compatible","https://github.com/yuhonas/free-exercise-db/blob/main/exercises/Weighted_Pull_Ups.json"
"Weighted_Sissy_Squat","Weighted Sissy Squat","","nombre_sin_espanol | pasos_sin_espanol | sin_video_o_gif_compatible","https://github.com/yuhonas/free-exercise-db/blob/main/exercises/Weighted_Sissy_Squat.json"
"Weighted_Sit-Ups_-_With_Bands","Weighted Sit-Ups - With Bands","","nombre_sin_espanol | pasos_sin_espanol | equipo_sin_confirmar | sin_video_o_gif_compatible","https://github.com/yuhonas/free-exercise-db/blob/main/exercises/Weighted_Sit-Ups_-_With_Bands.json"
"Weighted_Squat","Weighted Squat","","nombre_sin_espanol | pasos_sin_espanol | equipo_sin_confirmar | sin_video_o_gif_compatible","https://github.com/yuhonas/free-exercise-db/blob/main/exercises/Weighted_Squat.json"
"Wide-Grip_Barbell_Bench_Press","Wide-Grip Barbell Bench Press","","nombre_sin_espanol | pasos_sin_espanol | sin_video_o_gif_compatible","https://github.com/yuhonas/free-exercise-db/blob/main/exercises/Wide-Grip_Barbell_Bench_Press.json"
"Wide-Grip_Decline_Barbell_Bench_Press","Wide-Grip Decline Barbell Bench Press","","nombre_sin_espanol | pasos_sin_espanol | sin_video_o_gif_compatible","https://github.com/yuhonas/free-exercise-db/blob/main/exercises/Wide-Grip_Decline_Barbell_Bench_Press.json"
"Wide-Grip_Decline_Barbell_Pullover","Wide-Grip Decline Barbell Pullover","","nombre_sin_espanol | pasos_sin_espanol | sin_video_o_gif_compatible","https://github.com/yuhonas/free-exercise-db/blob/main/exercises/Wide-Grip_Decline_Barbell_Pullover.json"
"Wide-Grip_Lat_Pulldown","Wide-Grip Lat Pulldown","","nombre_sin_espanol | pasos_sin_espanol | sin_video_o_gif_compatible","https://github.com/yuhonas/free-exercise-db/blob/main/exercises/Wide-Grip_Lat_Pulldown.json"
"Wide-Grip_Pulldown_Behind_The_Neck","Wide-Grip Pulldown Behind The Neck","","nombre_sin_espanol | pasos_sin_espanol | sin_video_o_gif_compatible","https://github.com/yuhonas/free-exercise-db/blob/main/exercises/Wide-Grip_Pulldown_Behind_The_Neck.json"
"Wide-Grip_Rear_Pull-Up","Wide-Grip Rear Pull-Up","","nombre_sin_espanol | pasos_sin_espanol | sin_video_o_gif_compatible","https://github.com/yuhonas/free-exercise-db/blob/main/exercises/Wide-Grip_Rear_Pull-Up.json"
"Wide-Grip_Standing_Barbell_Curl","Wide-Grip Standing Barbell Curl","","nombre_sin_espanol | pasos_sin_espanol | sin_video_o_gif_compatible","https://github.com/yuhonas/free-exercise-db/blob/main/exercises/Wide-Grip_Standing_Barbell_Curl.json"
"Wide_Stance_Barbell_Squat","Wide Stance Barbell Squat","","nombre_sin_espanol | pasos_sin_espanol | sin_video_o_gif_compatible","https://github.com/yuhonas/free-exercise-db/blob/main/exercises/Wide_Stance_Barbell_Squat.json"
"Wide_Stance_Stiff_Legs","Wide Stance Stiff Legs","","nombre_sin_espanol | pasos_sin_espanol | sin_video_o_gif_compatible","https://github.com/yuhonas/free-exercise-db/blob/main/exercises/Wide_Stance_Stiff_Legs.json"
"Wind_Sprints","Wind Sprints","","nombre_sin_espanol | pasos_sin_espanol | sin_video_o_gif_compatible","https://github.com/yuhonas/free-exercise-db/blob/main/exercises/Wind_Sprints.json"
"Windmills","Windmills","","nombre_sin_espanol | pasos_sin_espanol | sin_video_o_gif_compatible","https://github.com/yuhonas/free-exercise-db/blob/main/exercises/Windmills.json"
"Worlds_Greatest_Stretch","World's Greatest Stretch","","nombre_sin_espanol | pasos_sin_espanol | sin_video_o_gif_compatible","https://github.com/yuhonas/free-exercise-db/blob/main/exercises/Worlds_Greatest_Stretch.json"
"Wrist_Circles","Wrist Circles","","nombre_sin_espanol | pasos_sin_espanol | sin_video_o_gif_compatible","https://github.com/yuhonas/free-exercise-db/blob/main/exercises/Wrist_Circles.json | https://wger.de/en/exercise/2543/view/"
"Wrist_Roller","Wrist Roller","","nombre_sin_espanol | pasos_sin_espanol | equipo_sin_confirmar | sin_video_o_gif_compatible","https://github.com/yuhonas/free-exercise-db/blob/main/exercises/Wrist_Roller.json"
"Wrist_Rotations_with_Straight_Bar","Wrist Rotations with Straight Bar","","nombre_sin_espanol | pasos_sin_espanol | sin_video_o_gif_compatible","https://github.com/yuhonas/free-exercise-db/blob/main/exercises/Wrist_Rotations_with_Straight_Bar.json"
"Yoke_Walk","Yoke Walk","","nombre_sin_espanol | pasos_sin_espanol | equipo_sin_confirmar | sin_video_o_gif_compatible","https://github.com/yuhonas/free-exercise-db/blob/main/exercises/Yoke_Walk.json"
"Zercher_Squats","Zercher Squats","","nombre_sin_espanol | pasos_sin_espanol | sin_video_o_gif_compatible","https://github.com/yuhonas/free-exercise-db/blob/main/exercises/Zercher_Squats.json"
"Zottman_Curl","Zottman Curl","Curl Zottman","sin_video_o_gif_compatible","https://github.com/yuhonas/free-exercise-db/blob/main/exercises/Zottman_Curl.json | https://wger.de/en/exercise/1683/view/"
"Zottman_Preacher_Curl","Zottman Preacher Curl","","nombre_sin_espanol | pasos_sin_espanol | sin_video_o_gif_compatible","https://github.com/yuhonas/free-exercise-db/blob/main/exercises/Zottman_Preacher_Curl.json"
"wger-9","2 Handed Kettlebell Swing","","nombre_sin_espanol | pasos_sin_espanol | nivel_desconocido | sin_recurso_visual | sin_video_o_gif_compatible","https://wger.de/en/exercise/9/view/"
"wger-12","Seated Hip Adduction","Aducción de Cadera en Máquina","nivel_desconocido","https://wger.de/en/exercise/12/view/"
"wger-20","Arnold Shoulder Press","Press Arnold","nivel_desconocido | sin_recurso_visual | sin_video_o_gif_compatible","https://wger.de/en/exercise/20/view/"
"wger-31","Axe Hold","Sostenimiento Lateral Isométrico","nivel_desconocido | musculo_principal_desconocido | sin_recurso_visual | sin_video_o_gif_compatible","https://wger.de/en/exercise/31/view/"
"wger-43","Barbell Hack Squats","Sentadilla Hack con Barra","nivel_desconocido | sin_recurso_visual | sin_video_o_gif_compatible","https://wger.de/en/exercise/43/view/"
"wger-48","Barbell Reverse Wrist Curl","Curl de Muñeca Inverso con Barra","nivel_desconocido | musculo_principal_desconocido | sin_recurso_visual | sin_video_o_gif_compatible","https://wger.de/en/exercise/48/view/"
"wger-50","Barbell Triceps Extension","Extensión de triceps","nivel_desconocido | sin_video_o_gif_compatible","https://wger.de/en/exercise/50/view/"
"wger-51","Barbell Wrist Curl","Curl de Muñeca con Barra (Agarre Supino)","nivel_desconocido | musculo_principal_desconocido | sin_video_o_gif_compatible","https://wger.de/en/exercise/51/view/"
"wger-56","Abdominal Stabilization","Estabilización abdominal","nivel_desconocido | equipo_sin_confirmar | sin_recurso_visual | sin_video_o_gif_compatible","https://wger.de/en/exercise/56/view/"
"wger-57","Bear Walk 2","Caminata del Oso","nivel_desconocido | sin_recurso_visual | sin_video_o_gif_compatible","https://wger.de/en/exercise/57/view/"
"wger-71","Single Leg Extension","Extensión de Cuádriceps a una Pierna","nivel_desconocido | sin_recurso_visual | sin_video_o_gif_compatible","https://wger.de/en/exercise/71/view/"
"wger-76","Bench Press Narrow Grip","Press de Banca con Agarre Cerrado","nivel_desconocido | sin_video_o_gif_compatible","https://wger.de/en/exercise/76/view/"
"wger-79","Bent High Pulls","Jalón Alto Inclinado con Mancuernas","nivel_desconocido | sin_recurso_visual | sin_video_o_gif_compatible","https://wger.de/en/exercise/79/view/"
"wger-81","Bent Over Dumbbell Rows (Single Arm)","Remo con mancuernas","nivel_desconocido | sin_video_o_gif_compatible","https://wger.de/en/exercise/81/view/"
"wger-82","Bent-over Lateral Raises","Elevaciones Posteriores","nivel_desconocido | musculo_principal_desconocido","https://wger.de/en/exercise/82/view/"
"wger-83","Bent Over Rowing","Remo Inclinado con Barra (agarre prono)","nivel_desconocido | sin_video_o_gif_compatible","https://wger.de/en/exercise/83/view/"
"wger-84","Bent Over Rowing Reverse","Remo inclinado con agarre invertido","nivel_desconocido | sin_video_o_gif_compatible","https://wger.de/en/exercise/84/view/"
"wger-94","Biceps Curls With SZ-bar","Curl de biceps con barra Z","nivel_desconocido | sin_video_o_gif_compatible","https://wger.de/en/exercise/94/view/"
"wger-95","Biceps Curl With Cable","Curl de Bíceps en Polea","nivel_desconocido","https://wger.de/en/exercise/95/view/"
"wger-112","Body-Ups","Plancha a Flexión","nivel_desconocido | sin_recurso_visual | sin_video_o_gif_compatible","https://wger.de/en/exercise/112/view/"
"wger-124","Braced Squat","Sentadilla con Disco al Frente","nivel_desconocido | sin_recurso_visual | sin_video_o_gif_compatible","https://wger.de/en/exercise/124/view/"
"wger-129","Chest Press","Press de Pecho en Máquina","nivel_desconocido | sin_video_o_gif_compatible","https://wger.de/en/exercise/129/view/"
"wger-132","Burpees","Burpees","nivel_desconocido | musculo_principal_desconocido | sin_recurso_visual | sin_video_o_gif_compatible","https://wger.de/en/exercise/132/view/"
"wger-137","Butterfly Narrow Grip","Pectoral en Máquina","nivel_desconocido | sin_recurso_visual | sin_video_o_gif_compatible","https://wger.de/en/exercise/137/view/"
"wger-139","Butterfly Reverse","Pec-Deck Inverso","nivel_desconocido | sin_recurso_visual | sin_video_o_gif_compatible","https://wger.de/en/exercise/139/view/"
"wger-142","Cable External Rotation","Rotación externa con polea","nivel_desconocido | sin_recurso_visual | sin_video_o_gif_compatible","https://wger.de/en/exercise/142/view/"
"wger-145","Cable Woodchoppers","Leñadores en Polea","nivel_desconocido | sin_recurso_visual | sin_video_o_gif_compatible","https://wger.de/en/exercise/145/view/"
"wger-146","Calf Press Using Leg Press Machine","Gemelos en prensa","nivel_desconocido | sin_video_o_gif_compatible","https://wger.de/en/exercise/146/view/"
"wger-148","Calf Raises on Hackenschmitt Machine","Elevación de Pantorrillas en Hack","nivel_desconocido | sin_recurso_visual | sin_video_o_gif_compatible","https://wger.de/en/exercise/148/view/"
"wger-158","Close-grip Lat Pull Down","Jalón al Pecho con Agarre Cerrado","nivel_desconocido | sin_video_o_gif_compatible","https://wger.de/en/exercise/158/view/"
"wger-161","Cross-Bench Dumbbell Pullovers","Pullover con Mancuerna","nivel_desconocido | sin_recurso_visual | sin_video_o_gif_compatible","https://wger.de/en/exercise/161/view/"
"wger-165","Ball crunches","Abdominales en Bola de Estabilidad","nivel_desconocido | sin_recurso_visual | sin_video_o_gif_compatible","https://wger.de/en/exercise/165/view/"
"wger-171","Incline Crunches","Abdominales en Banco Inclinado","nivel_desconocido | sin_video_o_gif_compatible","https://wger.de/en/exercise/171/view/"
"wger-172","Crunches on Machine","Abdominales en Máquina","nivel_desconocido | sin_recurso_visual | sin_video_o_gif_compatible","https://wger.de/en/exercise/172/view/"
"wger-173","Crunches With Cable","Encogimientos abdominales en polea","nivel_desconocido | sin_recurso_visual | sin_video_o_gif_compatible","https://wger.de/en/exercise/173/view/"
"wger-174","Crunches With Legs Up","Encogimientos con Piernas Elevadas","nivel_desconocido | sin_recurso_visual | sin_video_o_gif_compatible","https://wger.de/en/exercise/174/view/"
"wger-177","Cycling","Ciclismo","nivel_desconocido | sin_recurso_visual | sin_video_o_gif_compatible","https://wger.de/en/exercise/177/view/"
"wger-178","Deadbug","Bicho Muerto","nivel_desconocido | sin_recurso_visual | sin_video_o_gif_compatible","https://wger.de/en/exercise/178/view/"
"wger-182","Deadhang","Suspensiones en Regleta","nivel_desconocido | musculo_principal_desconocido | sin_recurso_visual | sin_video_o_gif_compatible","https://wger.de/en/exercise/182/view/"
"wger-184","Deadlifts","Peso Muerto Convencional","nivel_desconocido | sin_video_o_gif_compatible","https://wger.de/en/exercise/184/view/"
"wger-185","Decline Bench Press Barbell","Press de Banca Declinado con Barra","nivel_desconocido | sin_video_o_gif_compatible","https://wger.de/en/exercise/185/view/"
"wger-186","Decline Bench Press Dumbbell","Press de Banca Declinado con Mancuernas","nivel_desconocido | sin_recurso_visual | sin_video_o_gif_compatible","https://wger.de/en/exercise/186/view/"
"wger-193","Diagonal Shoulder Press","Press Diagonal para Hombros","nivel_desconocido | musculo_principal_desconocido | sin_recurso_visual | sin_video_o_gif_compatible","https://wger.de/en/exercise/193/view/"
"wger-194","Dips","Fondos en Paralelas","nivel_desconocido","https://wger.de/en/exercise/194/view/"
"wger-197","Dips Between Two Benches","Fondos entre Bancos","nivel_desconocido | sin_video_o_gif_compatible","https://wger.de/en/exercise/197/view/"
"wger-202","Dumbbell Concentration Curl","Curl de concentración con mancuerna","nivel_desconocido | sin_recurso_visual | sin_video_o_gif_compatible","https://wger.de/en/exercise/202/view/"
"wger-203","Dumbbell Goblet Squat","Sentadilla con disco","nivel_desconocido | sin_video_o_gif_compatible","https://wger.de/en/exercise/203/view/"
"wger-204","Dumbbell Incline Curl","Curl Inclinado con Mancuernas","nivel_desconocido | sin_recurso_visual | sin_video_o_gif_compatible","https://wger.de/en/exercise/204/view/"
"wger-206","Dumbbell Lunges Walking","Zancadas Caminando con Mancuernas","nivel_desconocido","https://wger.de/en/exercise/206/view/"
"wger-208","Dumbbells on Scott Machine","Curl con Mancuernas en Banco Scott","nivel_desconocido | sin_recurso_visual | sin_video_o_gif_compatible","https://wger.de/en/exercise/208/view/"
"wger-211","Dumbbell Triceps Extension","Press Francés con Mancuerna","nivel_desconocido","https://wger.de/en/exercise/211/view/"
"wger-222","Facepull","Jalón a la Cara","nivel_desconocido","https://wger.de/en/exercise/222/view/"
"wger-237","Fly With Cable","Cruce de Poleas para Pecho","nivel_desconocido | sin_video_o_gif_compatible","https://wger.de/en/exercise/237/view/"
"wger-238","Fly With Dumbbells","Aperturas con Mancuernas","nivel_desconocido | sin_video_o_gif_compatible","https://wger.de/en/exercise/238/view/"
"wger-239","Fly With Dumbbells, Decline Bench","Aperturas con Mancuernas Declinadas","nivel_desconocido | sin_recurso_visual | sin_video_o_gif_compatible","https://wger.de/en/exercise/239/view/"
"wger-245","Skullcrusher Dumbbells","Press Francés con Mancuernas","nivel_desconocido","https://wger.de/en/exercise/245/view/"
"wger-246","Skullcrusher SZ-bar","Press Francés con Barra SZ","nivel_desconocido","https://wger.de/en/exercise/246/view/"
"wger-254","Front Raises with Plates","Elevaciones Frontales con Disco","nivel_desconocido | sin_recurso_visual | sin_video_o_gif_compatible","https://wger.de/en/exercise/254/view/"
"wger-256","Front Raises","Elevaciones frontales","nivel_desconocido | sin_video_o_gif_compatible","https://wger.de/en/exercise/256/view/"
"wger-257","Front Squats","Sentadilla Frontal","nivel_desconocido | video_original_de_otra_variante","https://wger.de/en/exercise/257/view/"
"wger-260","Full Sit Outs","Sit Outs completos","nivel_desconocido | sin_recurso_visual | sin_video_o_gif_compatible","https://wger.de/en/exercise/260/view/"
"wger-265","Glute Bridge","Puente de glúteos","nivel_desconocido | sin_video_o_gif_compatible","https://wger.de/en/exercise/265/view/"
"wger-275","Hammercurls on Cable","Biceps concentrado martillo con cable","nivel_desconocido","https://wger.de/en/exercise/275/view/"
"wger-279","Hand Grip","Fortalecedor de Agarre","nivel_desconocido | musculo_principal_desconocido | sin_video_o_gif_compatible","https://wger.de/en/exercise/279/view/"
"wger-282","Handstand Pushup","Flexiones en pino","nivel_desconocido | sin_recurso_visual | sin_video_o_gif_compatible","https://wger.de/en/exercise/282/view/"
"wger-283","Hanging Leg Raises","Elevaciones de Piernas (Colgado)","nivel_desconocido | sin_recurso_visual | sin_video_o_gif_compatible","https://wger.de/en/exercise/283/view/"
"wger-284","Hercules Pillars","","nombre_sin_espanol | pasos_sin_espanol | nivel_desconocido | sin_recurso_visual | sin_video_o_gif_compatible","https://wger.de/en/exercise/284/view/"
"wger-285","High Knee Jumps","Saltos al Pecho","nivel_desconocido | sin_recurso_visual | sin_video_o_gif_compatible","https://wger.de/en/exercise/285/view/"
"wger-289","High Pull","High pull","nivel_desconocido | sin_recurso_visual | sin_video_o_gif_compatible","https://wger.de/en/exercise/289/view/"
"wger-291","Hindu Squats","Sentadillas Hindúes","nivel_desconocido | sin_recurso_visual | sin_video_o_gif_compatible","https://wger.de/en/exercise/291/view/"
"wger-292","Hip Raise, Lying","Elevación de cadera tumbado","nivel_desconocido | sin_recurso_visual | sin_video_o_gif_compatible","https://wger.de/en/exercise/292/view/"
"wger-297","Hollow Hold","Hollow hold","nivel_desconocido | equipo_sin_confirmar | sin_recurso_visual | sin_video_o_gif_compatible","https://wger.de/en/exercise/297/view/"
"wger-301","Hyperextensions","Extensiones lumbares a 45°","nivel_desconocido | sin_video_o_gif_compatible","https://wger.de/en/exercise/301/view/"
"wger-308","Incline Dumbbell Fly","Aperturas con mancuernas en banco inclinado","nivel_desconocido | sin_recurso_visual | sin_video_o_gif_compatible","https://wger.de/en/exercise/308/view/"
"wger-310","Incline Dumbbell Row","Remo con mancuernas en banco inclinado","nivel_desconocido | musculo_principal_desconocido | sin_recurso_visual | sin_video_o_gif_compatible","https://wger.de/en/exercise/310/view/"
"wger-312","Incline Plank With Alternate Floor Touch","Plancha inclinada con toque alterno al suelo","nivel_desconocido | sin_recurso_visual | sin_video_o_gif_compatible","https://wger.de/en/exercise/312/view/"
"wger-319","Jogging","","nombre_sin_espanol | pasos_sin_espanol | nivel_desconocido | musculo_principal_desconocido | sin_recurso_visual | sin_video_o_gif_compatible","https://wger.de/en/exercise/319/view/"
"wger-320","Jumping Jacks","Polichilenas","nivel_desconocido | sin_recurso_visual | sin_video_o_gif_compatible","https://wger.de/en/exercise/320/view/"
"wger-323","Cable Cross-over","Aperturas en polea","nivel_desconocido | sin_video_o_gif_compatible","https://wger.de/en/exercise/323/view/"
"wger-331","Kettlebell Swings","Kettlebell Swings","nivel_desconocido | sin_recurso_visual | sin_video_o_gif_compatible","https://wger.de/en/exercise/331/view/"
"wger-341","Squats on Multipress","","nombre_sin_espanol | pasos_sin_espanol | sin_instrucciones | nivel_desconocido","https://wger.de/en/exercise/341/view/"
"wger-348","Lateral Raises","Elevación lateral con mancuernas","nivel_desconocido","https://wger.de/en/exercise/348/view/"
"wger-349","Lateral Rows on Cable, One Armed","Remo lateral en polea a un brazo","nivel_desconocido","https://wger.de/en/exercise/349/view/"
"wger-351","Lateral-to-Front Raises","Elevaciones lateral a frontal","nivel_desconocido | sin_recurso_visual | sin_video_o_gif_compatible","https://wger.de/en/exercise/351/view/"
"wger-354","Lat Pull Down (Leaning Back)","Jalón al pecho (inclinado)","nivel_desconocido | sin_recurso_visual | sin_video_o_gif_compatible","https://wger.de/en/exercise/354/view/"
"wger-355","Lat Pull Down (Straight Back)","Jalón al pecho","nivel_desconocido | sin_recurso_visual | sin_video_o_gif_compatible","https://wger.de/en/exercise/355/view/"
"wger-364","Leg Curl","Curl femoral","nivel_desconocido | sin_video_o_gif_compatible","https://wger.de/en/exercise/364/view/"
"wger-365","Leg Curls (laying)","Curl de piernas (tumbado)","nivel_desconocido","https://wger.de/en/exercise/365/view/"
"wger-366","Leg Curls (sitting)","Curl femoral sentado","nivel_desconocido","https://wger.de/en/exercise/366/view/"
"wger-367","Leg Curls (standing)","","nombre_sin_espanol | pasos_sin_espanol | sin_instrucciones | nivel_desconocido","https://wger.de/en/exercise/367/view/"
"wger-369","Leg Extension","Curl cuadriceps","nivel_desconocido | sin_video_o_gif_compatible","https://wger.de/en/exercise/369/view/"
"wger-373","Leg Presses (narrow)","Prensa de piernas cerrada","nivel_desconocido | sin_video_o_gif_compatible","https://wger.de/en/exercise/373/view/"
"wger-374","Leg Presses (wide)","Press de piernas abierto","nivel_desconocido","https://wger.de/en/exercise/374/view/"
"wger-375","Leg Press on Hackenschmidt Machine","","nombre_sin_espanol | pasos_sin_espanol | sin_instrucciones | nivel_desconocido","https://wger.de/en/exercise/375/view/"
"wger-376","Leg Raise","Levantamiento de piernas","nivel_desconocido | sin_recurso_visual | sin_video_o_gif_compatible","https://wger.de/en/exercise/376/view/"
"wger-377","Leg Raises, Lying","Elevaciones de piernas tumbado","nivel_desconocido | equipo_sin_confirmar | sin_video_o_gif_compatible","https://wger.de/en/exercise/377/view/"
"wger-378","Leg Raises, Standing","Elevaciones de piernas de pie","nivel_desconocido | sin_recurso_visual | sin_video_o_gif_compatible","https://wger.de/en/exercise/378/view/"
"wger-379","Leverage Machine Chest Press","Press de pecho con máquina","nivel_desconocido | sin_recurso_visual | sin_video_o_gif_compatible","https://wger.de/en/exercise/379/view/"
"wger-380","Leverage Machine Iso Row","","nombre_sin_espanol | pasos_sin_espanol | nivel_desconocido | sin_recurso_visual | sin_video_o_gif_compatible","https://wger.de/en/exercise/380/view/"
"wger-382","L Hold","","nombre_sin_espanol | pasos_sin_espanol | nivel_desconocido | musculo_principal_desconocido | sin_recurso_visual | sin_video_o_gif_compatible","https://wger.de/en/exercise/382/view/"
"wger-386","Diamond push ups","Flexiones diamante","nivel_desconocido | sin_recurso_visual | sin_video_o_gif_compatible","https://wger.de/en/exercise/386/view/"
"wger-394","Long-Pulley (low Row)","Remo sentado","nivel_desconocido | sin_video_o_gif_compatible","https://wger.de/en/exercise/394/view/"
"wger-395","Long-Pulley, Narrow","Remo en polea baja, agarre estrecho","nivel_desconocido | sin_recurso_visual | sin_video_o_gif_compatible","https://wger.de/en/exercise/395/view/"
"wger-397","Low Box Squat - Wide Stance","Sentadilla a cajón bajo con stance ancho","nivel_desconocido | sin_recurso_visual | sin_video_o_gif_compatible","https://wger.de/en/exercise/397/view/"
"wger-406","Lying Rotator Cuff Exercise","Ejercicio del manguito rotador tumbado","nivel_desconocido | musculo_principal_desconocido | sin_recurso_visual | sin_video_o_gif_compatible","https://wger.de/en/exercise/406/view/"
"wger-418","Military Press mit SZ-Bar","Press militar","nivel_desconocido | sin_video_o_gif_compatible","https://wger.de/en/exercise/418/view/"
"wger-427","Negative Crunches","Crunches negativos","nivel_desconocido | sin_video_o_gif_compatible","https://wger.de/en/exercise/427/view/"
"wger-439","Overhand Cable Curl","","nombre_sin_espanol | pasos_sin_espanol | nivel_desconocido | sin_recurso_visual | sin_video_o_gif_compatible","https://wger.de/en/exercise/439/view/"
"wger-445","Pause Bench","Press de banca con pausa","nivel_desconocido | sin_recurso_visual | sin_video_o_gif_compatible","https://wger.de/en/exercise/445/view/"
"wger-448","Pendelay Rows","Remo Pendlay","nivel_desconocido | sin_recurso_visual | sin_video_o_gif_compatible","https://wger.de/en/exercise/448/view/"
"wger-454","Pike Push Ups","Flexiones de pica","nivel_desconocido | sin_recurso_visual | sin_video_o_gif_compatible","https://wger.de/en/exercise/454/view/"
"wger-456","Pistol Squat","Sentadillas en pistol izquierda","nivel_desconocido | sin_video_o_gif_compatible","https://wger.de/en/exercise/456/view/"
"wger-465","Preacher Curls","Curl en banco Scott","nivel_desconocido","https://wger.de/en/exercise/465/view/"
"wger-468","Prone Scapular Retraction - Arms at Side","Retracción escapular en prono – brazos en cruz","nivel_desconocido | sin_recurso_visual | sin_video_o_gif_compatible","https://wger.de/en/exercise/468/view/"
"wger-477","Pull Ups on Machine","","nombre_sin_espanol | pasos_sin_espanol | sin_instrucciones | nivel_desconocido","https://wger.de/en/exercise/477/view/"
"wger-484","Rack Deadlift","Peso muerto en rack","nivel_desconocido | sin_video_o_gif_compatible","https://wger.de/en/exercise/484/view/"
"wger-487","Rear Delt Raises","Elevaciones de deltoides posterior","nivel_desconocido | musculo_principal_desconocido | sin_video_o_gif_compatible","https://wger.de/en/exercise/487/view/"
"wger-490","Renegade Row","Remo renegado","nivel_desconocido | sin_recurso_visual | sin_video_o_gif_compatible","https://wger.de/en/exercise/490/view/"
"wger-493","Reverse Bar Curl","","nombre_sin_espanol | pasos_sin_espanol | nivel_desconocido | sin_recurso_visual | sin_video_o_gif_compatible","https://wger.de/en/exercise/493/view/"
"wger-495","Reverse Curl","Curl invertido","nivel_desconocido | sin_recurso_visual | sin_video_o_gif_compatible","https://wger.de/en/exercise/495/view/"
"wger-498","Reverse Grip Bench Press","","nombre_sin_espanol | pasos_sin_espanol | nivel_desconocido | sin_recurso_visual | sin_video_o_gif_compatible","https://wger.de/en/exercise/498/view/"
"wger-500","Reverse Plank","","nombre_sin_espanol | pasos_sin_espanol | nivel_desconocido | musculo_principal_desconocido | sin_recurso_visual | sin_video_o_gif_compatible","https://wger.de/en/exercise/500/view/"
"wger-505","Roman Chair Crunch","Crunch en silla romana","nivel_desconocido | sin_recurso_visual | sin_video_o_gif_compatible","https://wger.de/en/exercise/505/view/"
"wger-508","Row","Remo maquina abierto","nivel_desconocido | sin_recurso_visual | sin_video_o_gif_compatible","https://wger.de/en/exercise/508/view/"
"wger-513","Rowing, T-bar","Remo en ""T""","nivel_desconocido | sin_video_o_gif_compatible","https://wger.de/en/exercise/513/view/"
"wger-527","Run","","nombre_sin_espanol | pasos_sin_espanol | nivel_desconocido | musculo_principal_desconocido | sin_recurso_visual | sin_video_o_gif_compatible","https://wger.de/en/exercise/527/view/"
"wger-529","Run - Interval Training","","nombre_sin_espanol | pasos_sin_espanol | nivel_desconocido | musculo_principal_desconocido | sin_recurso_visual | sin_video_o_gif_compatible","https://wger.de/en/exercise/529/view/"
"wger-530","Run - Treadmill","Correr en cinta","nivel_desconocido | musculo_principal_desconocido | sin_recurso_visual | sin_video_o_gif_compatible","https://wger.de/en/exercise/530/view/"
"wger-537","Incline Bench Press - Dumbbell","Press inclinado con mancuernas","nivel_desconocido","https://wger.de/en/exercise/537/view/"
"wger-538","Incline Bench Press - Barbell","Press de banca inclinado","nivel_desconocido | sin_video_o_gif_compatible | video_original_de_otra_variante","https://wger.de/en/exercise/538/view/"
"wger-539","Incline Bench Press - MP","","nombre_sin_espanol | pasos_sin_espanol | sin_instrucciones | nivel_desconocido | sin_video_o_gif_compatible","https://wger.de/en/exercise/539/view/"
"wger-543","Shoulder Press, on Machine","Press de hombro con maquina","nivel_desconocido","https://wger.de/en/exercise/543/view/"
"wger-545","Scissors","Tijeras","nivel_desconocido | sin_recurso_visual | sin_video_o_gif_compatible","https://wger.de/en/exercise/545/view/"
"wger-566","Shoulder Press, Barbell","Press de hombros con barra","nivel_desconocido | sin_video_o_gif_compatible","https://wger.de/en/exercise/566/view/"
"wger-569","Shoulder Press, on Multi Press","Press de hombros en multipower","nivel_desconocido | sin_recurso_visual | sin_video_o_gif_compatible","https://wger.de/en/exercise/569/view/"
"wger-570","Shoulder Shrug","Encogimiento de hombros","nivel_desconocido","https://wger.de/en/exercise/570/view/"
"wger-571","Shrugs, Barbells","Encogimientos de hombros con barra","nivel_desconocido | sin_video_o_gif_compatible","https://wger.de/en/exercise/571/view/"
"wger-572","Shrugs, Dumbbells","Encogimientos de hombros con mancuernas","nivel_desconocido | sin_video_o_gif_compatible","https://wger.de/en/exercise/572/view/"
"wger-575","Shrugs on Multipress","","nombre_sin_espanol | pasos_sin_espanol | sin_instrucciones | nivel_desconocido","https://wger.de/en/exercise/575/view/"
"wger-576","Side Crunch","","nombre_sin_espanol | pasos_sin_espanol | nivel_desconocido | equipo_sin_confirmar | sin_video_o_gif_compatible","https://wger.de/en/exercise/576/view/"
"wger-577","Side Dumbbell Trunk Flexion","Flexión lateral del tronco con mancuerna","nivel_desconocido | sin_recurso_visual | sin_video_o_gif_compatible","https://wger.de/en/exercise/577/view/"
"wger-578","Side-lying External Rotation","Rotación externa tumbado de lado","nivel_desconocido | musculo_principal_desconocido | sin_recurso_visual | sin_video_o_gif_compatible","https://wger.de/en/exercise/578/view/"
"wger-580","Side Plank","Plancha de lado izquierdo","nivel_desconocido | sin_recurso_visual | sin_video_o_gif_compatible","https://wger.de/en/exercise/580/view/"
"wger-583","Side to Side Push Ups","Flexiones de lado a lado","nivel_desconocido | sin_recurso_visual | sin_video_o_gif_compatible","https://wger.de/en/exercise/583/view/"
"wger-584","Single-arm Preacher Curl","Curl en banco Scott a un brazo","nivel_desconocido","https://wger.de/en/exercise/584/view/"
"wger-590","Sitting Calf Raises","Elevación de talón sentados","nivel_desconocido","https://wger.de/en/exercise/590/view/"
"wger-591","Sit-ups","Abdominales","nivel_desconocido | sin_recurso_visual | sin_video_o_gif_compatible","https://wger.de/en/exercise/591/view/"
"wger-595","Skipping - Standard","Saltar a la comba – estándar","nivel_desconocido | sin_recurso_visual | sin_video_o_gif_compatible","https://wger.de/en/exercise/595/view/"
"wger-604","Speed Deadlift","","nombre_sin_espanol | pasos_sin_espanol | nivel_desconocido | sin_recurso_visual | sin_video_o_gif_compatible","https://wger.de/en/exercise/604/view/"
"wger-607","Splinter Sit-ups","Abdominales splinter","nivel_desconocido | sin_recurso_visual | sin_video_o_gif_compatible","https://wger.de/en/exercise/607/view/"
"wger-614","Squat Jumps","","nombre_sin_espanol | pasos_sin_espanol | nivel_desconocido | sin_recurso_visual | sin_video_o_gif_compatible","https://wger.de/en/exercise/614/view/"
"wger-615","Squats","Sentadillas","nivel_desconocido | sin_recurso_visual | sin_video_o_gif_compatible","https://wger.de/en/exercise/615/view/"
"wger-616","Squat Thrust","Sentadilla con salto (squat thrust)","nivel_desconocido | sin_recurso_visual | sin_video_o_gif_compatible","https://wger.de/en/exercise/616/view/"
"wger-621","Standing Bicep Curl","Curl de bíceps de pie","nivel_desconocido | sin_recurso_visual | sin_video_o_gif_compatible","https://wger.de/en/exercise/621/view/"
"wger-623","Standing Rope Forearm","Antebrazo con rodillo de muñeca de pie","nivel_desconocido | musculo_principal_desconocido | sin_recurso_visual | sin_video_o_gif_compatible","https://wger.de/en/exercise/623/view/"
"wger-624","Stationary Bike","","nombre_sin_espanol | pasos_sin_espanol | nivel_desconocido | musculo_principal_desconocido | sin_recurso_visual | sin_video_o_gif_compatible","https://wger.de/en/exercise/624/view/"
"wger-627","Stiff-legged Deadlifts","","nombre_sin_espanol | pasos_sin_espanol | nivel_desconocido | sin_recurso_visual | sin_video_o_gif_compatible","https://wger.de/en/exercise/627/view/"
"wger-628","Straight-arm Pull Down (bar Attachment)","Jalón con brazos rectos (agarre de barra)","nivel_desconocido | sin_recurso_visual | sin_video_o_gif_compatible","https://wger.de/en/exercise/628/view/"
"wger-629","Straight-arm Pull Down (rope Attachment)","Jalón con brazos rectos (agarre de cuerda)","nivel_desconocido | sin_recurso_visual | sin_video_o_gif_compatible","https://wger.de/en/exercise/629/view/"
"wger-632","Sumo Squats","Sentadillas sumo","nivel_desconocido | sin_recurso_visual | sin_video_o_gif_compatible","https://wger.de/en/exercise/632/view/"
"wger-650","Thruster","Thruster","nivel_desconocido | sin_recurso_visual | sin_video_o_gif_compatible","https://wger.de/en/exercise/650/view/"
"wger-660","Triceps Extensions on Cable With Bar","Extensiones de tríceps en polea con barra","nivel_desconocido | sin_recurso_visual | sin_video_o_gif_compatible","https://wger.de/en/exercise/660/view/"
"wger-661","Triceps on Machine","Tríceps en máquina","nivel_desconocido | sin_recurso_visual | sin_video_o_gif_compatible","https://wger.de/en/exercise/661/view/"
"wger-672","Trunk Rotation With Cable","","nombre_sin_espanol | pasos_sin_espanol | nivel_desconocido | sin_recurso_visual | sin_video_o_gif_compatible","https://wger.de/en/exercise/672/view/"
"wger-674","Rowing with TRX band","","nombre_sin_espanol | pasos_sin_espanol | nivel_desconocido | sin_recurso_visual | sin_video_o_gif_compatible","https://wger.de/en/exercise/674/view/"
"wger-675","Turkish Get-Up","","nombre_sin_espanol | pasos_sin_espanol | nivel_desconocido | sin_recurso_visual | sin_video_o_gif_compatible","https://wger.de/en/exercise/675/view/"
"wger-684","Underhand Lat Pull Down","Jalón al pecho con agarre supino","nivel_desconocido | sin_recurso_visual | sin_video_o_gif_compatible","https://wger.de/en/exercise/684/view/"
"wger-688","Upper External Oblique","","nombre_sin_espanol | pasos_sin_espanol | nivel_desconocido | sin_recurso_visual | sin_video_o_gif_compatible","https://wger.de/en/exercise/688/view/"
"wger-691","Upright Row, on Multi Press","Remo al mentón en multipower","nivel_desconocido | sin_video_o_gif_compatible","https://wger.de/en/exercise/691/view/"
"wger-693","Upright Row, SZ-bar","Remo al Menton","nivel_desconocido | sin_video_o_gif_compatible","https://wger.de/en/exercise/693/view/"
"wger-694","Upright Row w/ Dumbbells","Remo al mentón con mancuernas","nivel_desconocido | sin_video_o_gif_compatible","https://wger.de/en/exercise/694/view/"
"wger-702","Calf raises, one legged","Elevación de pantorrilla izquierda","nivel_desconocido | sin_recurso_visual | sin_video_o_gif_compatible","https://wger.de/en/exercise/702/view/"
"wger-711","Wall Handstand","Flexión a pino contra la pared","nivel_desconocido | musculo_principal_desconocido | sin_recurso_visual | sin_video_o_gif_compatible","https://wger.de/en/exercise/711/view/"
"wger-713","Wall Pushup","","nombre_sin_espanol | pasos_sin_espanol | nivel_desconocido | sin_recurso_visual | sin_video_o_gif_compatible","https://wger.de/en/exercise/713/view/"
"wger-716","Wall Slides","Deslizamientos en la pared","nivel_desconocido | sin_recurso_visual | sin_video_o_gif_compatible","https://wger.de/en/exercise/716/view/"
"wger-718","Wall Squat","Asiento en pared","nivel_desconocido | sin_recurso_visual | sin_video_o_gif_compatible","https://wger.de/en/exercise/718/view/"
"wger-722","Weighted Step-ups","","nombre_sin_espanol | pasos_sin_espanol | nivel_desconocido | sin_recurso_visual | sin_video_o_gif_compatible","https://wger.de/en/exercise/722/view/"
"wger-723","Wide-grip Pulldown","Jalón con agarre ancho","nivel_desconocido | sin_recurso_visual | sin_video_o_gif_compatible","https://wger.de/en/exercise/723/view/"
"wger-801","Dumbbell Push-Up","Flexiones con mancuernas","nivel_desconocido | sin_recurso_visual | sin_video_o_gif_compatible","https://wger.de/en/exercise/801/view/"
"wger-802","Barbell Lunges Walking","Zancadas Caminando con Barra","nivel_desconocido","https://wger.de/en/exercise/802/view/"
"wger-803","One Arm Triceps Extensions on Cable","Extensión de Tríceps a una Mano en Polea","nivel_desconocido","https://wger.de/en/exercise/803/view/"
"wger-804","Sloper hanging","Suspensión en Romos","nivel_desconocido | musculo_principal_desconocido | sin_recurso_visual | sin_video_o_gif_compatible","https://wger.de/en/exercise/804/view/"
"wger-805","Tricep Pushdown on Cable","Empuje de tríceps en cable","nivel_desconocido | sin_video_o_gif_compatible","https://wger.de/en/exercise/805/view/"
"wger-820","Fingerboard 20 mm edge","Suspensión en regleta de 20 mm","nivel_desconocido | musculo_principal_desconocido | sin_recurso_visual | sin_video_o_gif_compatible","https://wger.de/en/exercise/820/view/"
"wger-821","Pullup on fingerboard","Dominadas en Tabla de Multipresas","nivel_desconocido | sin_recurso_visual | sin_video_o_gif_compatible","https://wger.de/en/exercise/821/view/"
"wger-828","Incline Bench Reverse Fly","Aperturas Inversas","nivel_desconocido | sin_video_o_gif_compatible","https://wger.de/en/exercise/828/view/"
"wger-908","Zone 2 Running","Carrera en Zona 2","nivel_desconocido | musculo_principal_desconocido | sin_recurso_visual | sin_video_o_gif_compatible","https://wger.de/en/exercise/908/view/"
"wger-909","Reverse Nordic Curl","Curl Nórdico Inverso","nivel_desconocido | sin_recurso_visual | sin_video_o_gif_compatible","https://wger.de/en/exercise/909/view/"
"wger-910","Nordic Curl","Curl Nórdico","nivel_desconocido | sin_recurso_visual | sin_video_o_gif_compatible","https://wger.de/en/exercise/910/view/"
"wger-911","Incline Skull Crush","","nombre_sin_espanol | pasos_sin_espanol | nivel_desconocido | sin_recurso_visual | sin_video_o_gif_compatible","https://wger.de/en/exercise/911/view/"
"wger-912","Straight Bar Cable Curls","Curl en Polea con Barra Recta","nivel_desconocido | sin_recurso_visual | sin_video_o_gif_compatible","https://wger.de/en/exercise/912/view/"
"wger-913","Reverse Preacher Curl (Close Grip)","Curl de Predicador Inverso","nivel_desconocido | sin_recurso_visual | sin_video_o_gif_compatible","https://wger.de/en/exercise/913/view/"
"wger-914","Reverse EZ Bar Cable Curls","Curl Inverso con Barra EZ en Polea","nivel_desconocido | sin_recurso_visual | sin_video_o_gif_compatible","https://wger.de/en/exercise/914/view/"
"wger-915","Bus Drivers","Volante","nivel_desconocido | sin_recurso_visual | sin_video_o_gif_compatible","https://wger.de/en/exercise/915/view/"
"wger-916","Smith Press","Prensa Smith","nivel_desconocido | sin_recurso_visual | sin_video_o_gif_compatible","https://wger.de/en/exercise/916/view/"
"wger-917","Straight Bar Cable Front Raise","Elevación frontal con cable","nivel_desconocido | sin_recurso_visual | sin_video_o_gif_compatible","https://wger.de/en/exercise/917/view/"
"wger-918","Seated Dumbbell Side Lateral","","nombre_sin_espanol | pasos_sin_espanol | nivel_desconocido | sin_recurso_visual | sin_video_o_gif_compatible","https://wger.de/en/exercise/918/view/"
"wger-919","T-Bar row","","nombre_sin_espanol | pasos_sin_espanol | nivel_desconocido | sin_recurso_visual | sin_video_o_gif_compatible","https://wger.de/en/exercise/919/view/"
"wger-922","Seated Cable Mid Trap Shrug","","nombre_sin_espanol | pasos_sin_espanol | nivel_desconocido | sin_recurso_visual | sin_video_o_gif_compatible","https://wger.de/en/exercise/922/view/"
"wger-923","Lying Dumbbell Row SS Seated Shrug","","nombre_sin_espanol | pasos_sin_espanol | nivel_desconocido | sin_recurso_visual | sin_video_o_gif_compatible","https://wger.de/en/exercise/923/view/"
"wger-925","Smith Machine Slight Incline Press","Press Inclinado Ligero en Máquina Smith","nivel_desconocido | sin_recurso_visual | sin_video_o_gif_compatible","https://wger.de/en/exercise/925/view/"
"wger-926","Machine chest fly","Aperturas en Máquina para Pecho","nivel_desconocido | sin_recurso_visual | sin_video_o_gif_compatible","https://wger.de/en/exercise/926/view/"
"wger-927","Suspended crossess","flexiones en TRX","nivel_desconocido | sin_video_o_gif_compatible","https://wger.de/en/exercise/927/view/"
"wger-957","Quadriped Arm and Leg Raise","Elevación de brazo y pierna en cuadrupedia","nivel_desconocido | sin_video_o_gif_compatible","https://wger.de/en/exercise/957/view/"
"wger-958","Biceps with TRX","Biceps con TRX","nivel_desconocido | sin_video_o_gif_compatible","https://wger.de/en/exercise/958/view/"
"wger-959","TRX Rows","Remo en TRX","nivel_desconocido | sin_video_o_gif_compatible","https://wger.de/en/exercise/959/view/"
"wger-960","Kettlebell Swing","Swing con Kettlebell","nivel_desconocido | sin_video_o_gif_compatible","https://wger.de/en/exercise/960/view/"
"wger-961","Swimming 50m sprints","Piques de 50m en Natación","nivel_desconocido | musculo_principal_desconocido | sin_recurso_visual | sin_video_o_gif_compatible","https://wger.de/en/exercise/961/view/"
"wger-962","Elliptical","La Elíptica","nivel_desconocido | sin_recurso_visual | sin_video_o_gif_compatible","https://wger.de/en/exercise/962/view/"
"wger-974","Curl with kettlebell two hands","Curl con pesa rusa a dos manos","nivel_desconocido | sin_recurso_visual | sin_video_o_gif_compatible","https://wger.de/en/exercise/974/view/"
"wger-975","one-handed kettlebell curls","Curl de Bíceps con Kettlebell a una Mano","nivel_desconocido | sin_video_o_gif_compatible","https://wger.de/en/exercise/975/view/"
"wger-976","Medicine ball booklet crunch","Abdominales en V con Balón Medicinal","nivel_desconocido | sin_recurso_visual | sin_video_o_gif_compatible","https://wger.de/en/exercise/976/view/"
"wger-978","Knee Raises","Elevaciones de Rodillas en Barra","nivel_desconocido | sin_recurso_visual | sin_video_o_gif_compatible","https://wger.de/en/exercise/978/view/"
"wger-979","Leg raises pull up bar","Elevaciones de Piernas en Barra","nivel_desconocido | sin_recurso_visual | sin_video_o_gif_compatible","https://wger.de/en/exercise/979/view/"
"wger-980","commando pull-ups","Dominadas comando","nivel_desconocido | sin_recurso_visual | sin_video_o_gif_compatible","https://wger.de/en/exercise/980/view/"
"wger-981","Step-ups","Subida a peldaño","nivel_desconocido | sin_recurso_visual | sin_video_o_gif_compatible","https://wger.de/en/exercise/981/view/"
"wger-983","High knees","Rodillas elevadas","nivel_desconocido | musculo_principal_desconocido | sin_video_o_gif_compatible","https://wger.de/en/exercise/983/view/"
"wger-984","Lunges","Zancadas con peso","nivel_desconocido | sin_video_o_gif_compatible","https://wger.de/en/exercise/984/view/"
"wger-985","Push-up rotations","Flexiones a rotación","nivel_desconocido | sin_recurso_visual | sin_video_o_gif_compatible","https://wger.de/en/exercise/985/view/"
"wger-986","Side split squats left","Sentadilla de lado izquierdo","nivel_desconocido | musculo_principal_desconocido | sin_recurso_visual | sin_video_o_gif_compatible","https://wger.de/en/exercise/986/view/"
"wger-987","Side split squats right","Sentadilla de lado derecho","nivel_desconocido | musculo_principal_desconocido | sin_recurso_visual | sin_video_o_gif_compatible","https://wger.de/en/exercise/987/view/"
"wger-988","Bulgarian split squats left","Sentadilla búlgara izquierda","nivel_desconocido | sin_video_o_gif_compatible","https://wger.de/en/exercise/988/view/"
"wger-989","Bulgarian split squats right","Sentadilla búlgara derecha","nivel_desconocido | sin_recurso_visual | sin_video_o_gif_compatible","https://wger.de/en/exercise/989/view/"
"wger-990","Kneeling kickbacks","Patada de rodilla","nivel_desconocido | sin_recurso_visual | sin_video_o_gif_compatible","https://wger.de/en/exercise/990/view/"
"wger-991","Split squats left","Media sentadillas izquierda","nivel_desconocido | sin_recurso_visual | sin_video_o_gif_compatible","https://wger.de/en/exercise/991/view/"
"wger-992","Split squats right","Media sentadillas derecha","nivel_desconocido | sin_recurso_visual | sin_video_o_gif_compatible","https://wger.de/en/exercise/992/view/"
"wger-993","Jump rope: basic jumps","Saltar la cuerda: saltos básicos","nivel_desconocido | musculo_principal_desconocido | sin_recurso_visual | sin_video_o_gif_compatible","https://wger.de/en/exercise/993/view/"
"wger-994","Forward arm circles","Círculos de brazo","nivel_desconocido | musculo_principal_desconocido | sin_recurso_visual | sin_video_o_gif_compatible","https://wger.de/en/exercise/994/view/"
"wger-995","Backward arm circles","Círculos con los Brazos Hacia Atrás","nivel_desconocido | musculo_principal_desconocido | sin_recurso_visual | sin_video_o_gif_compatible","https://wger.de/en/exercise/995/view/"
"wger-997","4-count burpees","Burpees de 4 Tiempos","nivel_desconocido | musculo_principal_desconocido | sin_recurso_visual | sin_video_o_gif_compatible","https://wger.de/en/exercise/997/view/"
"wger-998","No push-up burpees","Burpees sin Flexión","nivel_desconocido | musculo_principal_desconocido | sin_recurso_visual | sin_video_o_gif_compatible","https://wger.de/en/exercise/998/view/"
"wger-999","Reverse lunges","Arremetidas inversas","nivel_desconocido | sin_video_o_gif_compatible","https://wger.de/en/exercise/999/view/"
"wger-1000","Floor dips","Fondos","nivel_desconocido | sin_video_o_gif_compatible","https://wger.de/en/exercise/1000/view/"
"wger-1001","High plank","Plancha Alta","nivel_desconocido | sin_recurso_visual | sin_video_o_gif_compatible","https://wger.de/en/exercise/1001/view/"
"wger-1003","Kettlebell deadlifts","Peso Muerto con Kettlebell","nivel_desconocido | sin_recurso_visual | sin_video_o_gif_compatible","https://wger.de/en/exercise/1003/view/"
"wger-1004","Forward shoulder rotation","Rotación de Hombros Hacia Adelante","nivel_desconocido | musculo_principal_desconocido | sin_recurso_visual | sin_video_o_gif_compatible","https://wger.de/en/exercise/1004/view/"
"wger-1005","Backward shoulder rotation","Rotación de Hombros Hacia Atrás","nivel_desconocido | musculo_principal_desconocido | sin_recurso_visual | sin_video_o_gif_compatible","https://wger.de/en/exercise/1005/view/"
"wger-1006","Chin tuck","Retracción Cervical","nivel_desconocido | musculo_principal_desconocido | sin_recurso_visual | sin_video_o_gif_compatible","https://wger.de/en/exercise/1006/view/"
"wger-1007","Head turns","Rotación de Cabeza","nivel_desconocido | musculo_principal_desconocido | sin_recurso_visual | sin_video_o_gif_compatible","https://wger.de/en/exercise/1007/view/"
"wger-1008","Left neck stretch","Estiramiento Lateral Izquierdo de Cuello","nivel_desconocido | musculo_principal_desconocido | sin_recurso_visual | sin_video_o_gif_compatible","https://wger.de/en/exercise/1008/view/"
"wger-1009","Right neck stretch","Estiramiento Lateral Derecho de Cuello","nivel_desconocido | musculo_principal_desconocido | sin_recurso_visual | sin_video_o_gif_compatible","https://wger.de/en/exercise/1009/view/"
"wger-1010","Back neck stretch","Estiramiento Posterior de Cuello (Nuca)","nivel_desconocido | musculo_principal_desconocido | sin_recurso_visual | sin_video_o_gif_compatible","https://wger.de/en/exercise/1010/view/"
"wger-1011","Front neck stretch","Estiramiento del cuello frontal","nivel_desconocido | musculo_principal_desconocido | sin_recurso_visual | sin_video_o_gif_compatible","https://wger.de/en/exercise/1011/view/"
"wger-1012","Alternating bicep curls","Curl de biceps alterno","nivel_desconocido | sin_video_o_gif_compatible","https://wger.de/en/exercise/1012/view/"
"wger-1013","Left levator scapulae stretch","Estiramiento del Elevador de la Escápula","nivel_desconocido | musculo_principal_desconocido | sin_recurso_visual | sin_video_o_gif_compatible","https://wger.de/en/exercise/1013/view/"
"wger-1014","Right levator scapulae stretch","Estiramiento del Elevador de la Escápula","nivel_desconocido | musculo_principal_desconocido | sin_recurso_visual | sin_video_o_gif_compatible","https://wger.de/en/exercise/1014/view/"
"wger-1015","Clockwise neck circles","Círculos de Cuello (Sentido Horario)","nivel_desconocido | musculo_principal_desconocido | sin_recurso_visual | sin_video_o_gif_compatible","https://wger.de/en/exercise/1015/view/"
"wger-1016","Counterclockwise neck circles","Círculos de Cuello (Sentido Antihorario)","nivel_desconocido | musculo_principal_desconocido | sin_recurso_visual | sin_video_o_gif_compatible","https://wger.de/en/exercise/1016/view/"
"wger-1017","Neck half circles","Medios Círculos de Cuello (Media Luna)","nivel_desconocido | musculo_principal_desconocido | sin_recurso_visual | sin_video_o_gif_compatible","https://wger.de/en/exercise/1017/view/"
"wger-1018","Head tilts","Inclinaciones Laterales de Cabeza","nivel_desconocido | musculo_principal_desconocido | sin_video_o_gif_compatible","https://wger.de/en/exercise/1018/view/"
"wger-1019","Side plank right","Plancha de lado derecho","nivel_desconocido | sin_recurso_visual | sin_video_o_gif_compatible","https://wger.de/en/exercise/1019/view/"
"wger-1020","Pistol squats right","Sentadillas en pistol derecha","nivel_desconocido | sin_recurso_visual | sin_video_o_gif_compatible","https://wger.de/en/exercise/1020/view/"
"wger-1021","Calf raises, right leg","Elevación de pantorrilla derecha","nivel_desconocido | sin_recurso_visual | sin_video_o_gif_compatible","https://wger.de/en/exercise/1021/view/"
"wger-1022","Single Arm Plank to Row","Remo en Plancha con un Brazo","nivel_desconocido | sin_video_o_gif_compatible","https://wger.de/en/exercise/1022/view/"
"wger-1027","Elevated prayer stretch","Estiramiento de oración elevado","nivel_desconocido | sin_recurso_visual | sin_video_o_gif_compatible","https://wger.de/en/exercise/1027/view/"
"wger-1028","Quadruped thoracic rotation left","Rotación torácica en cuadrupedia izquierda","nivel_desconocido | musculo_principal_desconocido | sin_recurso_visual | sin_video_o_gif_compatible","https://wger.de/en/exercise/1028/view/"
"wger-1029","Quadruped thoracic rotation right","Rotación torácica en cuadrupedia derecha","nivel_desconocido | musculo_principal_desconocido | sin_recurso_visual | sin_video_o_gif_compatible","https://wger.de/en/exercise/1029/view/"
"wger-1080","Hindu Pushups","Hindu Pushups","nivel_desconocido | sin_video_o_gif_compatible","https://wger.de/en/exercise/1080/view/"
"wger-1081","Shoulder dislocates","Dislocaciones de hombro","nivel_desconocido | musculo_principal_desconocido | sin_recurso_visual | sin_video_o_gif_compatible","https://wger.de/en/exercise/1081/view/"
"wger-1082","Bent over row to external rotation","Remo inclinado con rotación externa","nivel_desconocido | musculo_principal_desconocido | sin_recurso_visual | sin_video_o_gif_compatible","https://wger.de/en/exercise/1082/view/"
"wger-1083","YWTs","YWTs","nivel_desconocido | musculo_principal_desconocido | sin_recurso_visual | sin_video_o_gif_compatible","https://wger.de/en/exercise/1083/view/"
"wger-1086","Close-grip Press-ups","Flexiones con agarre estrecho","nivel_desconocido | sin_video_o_gif_compatible","https://wger.de/en/exercise/1086/view/"
"wger-1087","Dumbbell Hang Power Cleans","Cargada de potencia desde colgado con mancuernas","nivel_desconocido | sin_video_o_gif_compatible","https://wger.de/en/exercise/1087/view/"
"wger-1088","Dumbbell sumo deadlift","Peso muerto sumo con mancuerna","nivel_desconocido | sin_video_o_gif_compatible","https://wger.de/en/exercise/1088/view/"
"wger-1089","Medicine ball twist","Abdominales rusas","nivel_desconocido | sin_video_o_gif_compatible","https://wger.de/en/exercise/1089/view/"
"wger-1090","Vpushup","","nombre_sin_espanol | pasos_sin_espanol | nivel_desconocido | sin_recurso_visual | sin_video_o_gif_compatible","https://wger.de/en/exercise/1090/view/"
"wger-1091","Plank Shoulder Taps","Plancha a una mano alterna","nivel_desconocido | equipo_sin_confirmar | sin_video_o_gif_compatible","https://wger.de/en/exercise/1091/view/"
"wger-1092","Bag training","Entrenamiento con saco","nivel_desconocido | sin_recurso_visual | sin_video_o_gif_compatible","https://wger.de/en/exercise/1092/view/"
"wger-1093","Rowing Machine","","nombre_sin_espanol | pasos_sin_espanol | nivel_desconocido | sin_recurso_visual | sin_video_o_gif_compatible","https://wger.de/en/exercise/1093/view/"
"wger-1094","Seated Bench Press","Press Banca Sentado","nivel_desconocido | sin_recurso_visual | sin_video_o_gif_compatible","https://wger.de/en/exercise/1094/view/"
"wger-1096","Abduction while standing","Abducción de pie","nivel_desconocido | musculo_principal_desconocido | sin_recurso_visual | sin_video_o_gif_compatible","https://wger.de/en/exercise/1096/view/"
"wger-1098","Seated rear delt rise","","nombre_sin_espanol | pasos_sin_espanol | nivel_desconocido | sin_video_o_gif_compatible","https://wger.de/en/exercise/1098/view/"
"wger-1099","Dynamic side hold","Sujeción lateral dinámica","nivel_desconocido | sin_recurso_visual | sin_video_o_gif_compatible","https://wger.de/en/exercise/1099/view/"
"wger-1100","Wall balls","","nombre_sin_espanol | pasos_sin_espanol | nivel_desconocido | sin_video_o_gif_compatible","https://wger.de/en/exercise/1100/view/"
"wger-1101","Horizontal traction isometry","","nombre_sin_espanol | pasos_sin_espanol | nivel_desconocido | sin_recurso_visual | sin_video_o_gif_compatible","https://wger.de/en/exercise/1101/view/"
"wger-1102","Alternate back lunges","","nombre_sin_espanol | pasos_sin_espanol | nivel_desconocido | sin_recurso_visual | sin_video_o_gif_compatible","https://wger.de/en/exercise/1102/view/"
"wger-1103","walking bridge","Puente caminante","nivel_desconocido | sin_recurso_visual | sin_video_o_gif_compatible","https://wger.de/en/exercise/1103/view/"
"wger-1104","Walking","","nombre_sin_espanol | pasos_sin_espanol | nivel_desconocido | sin_recurso_visual | sin_video_o_gif_compatible","https://wger.de/en/exercise/1104/view/"
"wger-1105","Seated Knee Tuck","","nombre_sin_espanol | pasos_sin_espanol | nivel_desconocido | sin_video_o_gif_compatible","https://wger.de/en/exercise/1105/view/"
"wger-1109","Cable Concentration Curl","Biceps concentrado","nivel_desconocido | sin_video_o_gif_compatible","https://wger.de/en/exercise/1109/view/"
"wger-1111","Push-Ups | Incline","Flexiones | inclinadas (incline)","nivel_desconocido | sin_recurso_visual | sin_video_o_gif_compatible","https://wger.de/en/exercise/1111/view/"
"wger-1112","Push-Ups | Decline","Flexiones | declinadas (decline)","nivel_desconocido | sin_video_o_gif_compatible","https://wger.de/en/exercise/1112/view/"
"wger-1113","Push-Ups | Parallettes","Flexiones | parallettes","nivel_desconocido | sin_recurso_visual | sin_video_o_gif_compatible","https://wger.de/en/exercise/1113/view/"
"wger-1114","Rest (for timed workouts)","","nombre_sin_espanol | pasos_sin_espanol | nivel_desconocido | musculo_principal_desconocido | sin_recurso_visual | sin_video_o_gif_compatible","https://wger.de/en/exercise/1114/view/"
"wger-1115","3D lunge warmup","Zancada 3D de calentamiento","nivel_desconocido | musculo_principal_desconocido | sin_recurso_visual | sin_video_o_gif_compatible","https://wger.de/en/exercise/1115/view/"
"wger-1116","Dumbbell farmer's carry","","nombre_sin_espanol | pasos_sin_espanol | nivel_desconocido | musculo_principal_desconocido | sin_recurso_visual | sin_video_o_gif_compatible","https://wger.de/en/exercise/1116/view/"
"wger-1117","Seated Cable Row","Remo gironda agarre cerrado","nivel_desconocido | sin_video_o_gif_compatible","https://wger.de/en/exercise/1117/view/"
"wger-1119","Remo maquina agarre estrecho","","nombre_sin_espanol | pasos_sin_espanol | nivel_desconocido | sin_video_o_gif_compatible","https://wger.de/en/exercise/1119/view/"
"wger-1120","Remo maquina agarre estrecho supino","","nombre_sin_espanol | pasos_sin_espanol | nivel_desconocido | sin_video_o_gif_compatible","https://wger.de/en/exercise/1120/view/"
"wger-1125","Wide-grip supinated lat pulldown","Jalón abierto supino","nivel_desconocido | sin_recurso_visual | sin_video_o_gif_compatible","https://wger.de/en/exercise/1125/view/"
"wger-1127","Close-grip supinated lat pulldown","Jalón cerrado supino","nivel_desconocido | sin_video_o_gif_compatible","https://wger.de/en/exercise/1127/view/"
"wger-1131","Cable glute extension","Extensión de glúteos en polea","nivel_desconocido | sin_video_o_gif_compatible","https://wger.de/en/exercise/1131/view/"
"wger-1132","Machine glute extension","Extensión de glúteo en máquina","nivel_desconocido | sin_recurso_visual | sin_video_o_gif_compatible","https://wger.de/en/exercise/1132/view/"
"wger-1136","Neutral-grip chest pulldown","Jalón al pecho con agarre neutro","nivel_desconocido | sin_video_o_gif_compatible","https://wger.de/en/exercise/1136/view/"
"wger-1137","High-pulley pullover","Pull over en polea alta","nivel_desconocido | sin_video_o_gif_compatible","https://wger.de/en/exercise/1137/view/"
"wger-1138","Incline bench pulldown","","nombre_sin_espanol | pasos_sin_espanol | nivel_desconocido | sin_video_o_gif_compatible","https://wger.de/en/exercise/1138/view/"
"wger-1141","Arabesque","Arabesco","nivel_desconocido | sin_video_o_gif_compatible","https://wger.de/en/exercise/1141/view/"
"wger-1143","Back extensión","","nombre_sin_espanol | pasos_sin_espanol | nivel_desconocido | sin_video_o_gif_compatible","https://wger.de/en/exercise/1143/view/"
"wger-1186","One Arm Bent Row","","nombre_sin_espanol | pasos_sin_espanol | nivel_desconocido | sin_video_o_gif_compatible","https://wger.de/en/exercise/1186/view/"
"wger-1188","Side bend","Flexión lateral","nivel_desconocido | sin_video_o_gif_compatible","https://wger.de/en/exercise/1188/view/"
"wger-1192","Alternating Biceps Curls With Dumbbell","Curls de bíceps alternos con mancuerna","nivel_desconocido | sin_video_o_gif_compatible","https://wger.de/en/exercise/1192/view/"
"wger-1195","Side Slides + Squats","Deslizamientos laterales + sentadillas","nivel_desconocido | sin_recurso_visual | sin_video_o_gif_compatible","https://wger.de/en/exercise/1195/view/"
"wger-1196","Wall Drills","Ejercicios contra la pared","nivel_desconocido | sin_recurso_visual | sin_video_o_gif_compatible","https://wger.de/en/exercise/1196/view/"
"wger-1198","Inverted Rows","Remo invertido","nivel_desconocido | sin_video_o_gif_compatible","https://wger.de/en/exercise/1198/view/"
"wger-1200","Tibialis raises","Elevación tibial anterior","nivel_desconocido | musculo_principal_desconocido | sin_recurso_visual | sin_video_o_gif_compatible","https://wger.de/en/exercise/1200/view/"
"wger-1201","Dragon squat","Dragon squat","nivel_desconocido | sin_recurso_visual | sin_video_o_gif_compatible","https://wger.de/en/exercise/1201/view/"
"wger-1202","Side Lying Hip Abduction","Abducción de cadera en decúbito lateral","nivel_desconocido | musculo_principal_desconocido | sin_recurso_visual | sin_video_o_gif_compatible","https://wger.de/en/exercise/1202/view/"
"wger-1203","Calf raises, left leg","Elevación de gemelos, pierna izquierda","nivel_desconocido | sin_recurso_visual | sin_video_o_gif_compatible","https://wger.de/en/exercise/1203/view/"
"wger-1204","Cycling cardio session","","nombre_sin_espanol | pasos_sin_espanol | nivel_desconocido | musculo_principal_desconocido | sin_recurso_visual | sin_video_o_gif_compatible","https://wger.de/en/exercise/1204/view/"
"wger-1205","Wrist curl, dumbbells","Curl de muñeca con mancuernas","nivel_desconocido | musculo_principal_desconocido | sin_recurso_visual | sin_video_o_gif_compatible","https://wger.de/en/exercise/1205/view/"
"wger-1207","Scorpion Kick","Patada de escorpión","nivel_desconocido | musculo_principal_desconocido | sin_recurso_visual | sin_video_o_gif_compatible","https://wger.de/en/exercise/1207/view/"
"wger-1208","Prisoner Squat","Sentadilla del prisionero","nivel_desconocido | sin_recurso_visual | sin_video_o_gif_compatible","https://wger.de/en/exercise/1208/view/"
"wger-1209","Shoulder width three-point push-up","Flexión a tres puntos al ancho de los hombros","nivel_desconocido | sin_recurso_visual | sin_video_o_gif_compatible","https://wger.de/en/exercise/1209/view/"
"wger-1210","Skydiver with arms in T-position","Paracaidista con brazos en posición de T","nivel_desconocido | musculo_principal_desconocido | sin_recurso_visual | sin_video_o_gif_compatible","https://wger.de/en/exercise/1210/view/"
"wger-1214","Front lever tuck","Front lever agrupado","nivel_desconocido | sin_recurso_visual | sin_video_o_gif_compatible","https://wger.de/en/exercise/1214/view/"
"wger-1215","Reverse Snow Angel","Ángel de nieve invertido","nivel_desconocido | sin_recurso_visual | sin_video_o_gif_compatible","https://wger.de/en/exercise/1215/view/"
"wger-1216","Recruitment Pulls","Recruitment Pulls","nivel_desconocido | musculo_principal_desconocido | sin_recurso_visual | sin_video_o_gif_compatible","https://wger.de/en/exercise/1216/view/"
"wger-1217","Finger Pushup","Flexión sobre los dedos","nivel_desconocido | sin_video_o_gif_compatible","https://wger.de/en/exercise/1217/view/"
"wger-1218","knee push-ups","Flexiones de rodillas","nivel_desconocido | sin_recurso_visual | sin_video_o_gif_compatible","https://wger.de/en/exercise/1218/view/"
"wger-1219","Australian pull-ups","Dominadas australianas (remo invertido)","nivel_desconocido | sin_recurso_visual | sin_video_o_gif_compatible","https://wger.de/en/exercise/1219/view/"
"wger-1223","Claps over the head","","nombre_sin_espanol | pasos_sin_espanol | nivel_desconocido | sin_video_o_gif_compatible","https://wger.de/en/exercise/1223/view/"
"wger-1224","Dumbbell drag curls","Drag curls con mancuernas","nivel_desconocido | sin_recurso_visual | sin_video_o_gif_compatible","https://wger.de/en/exercise/1224/view/"
"wger-1225","Dumbbell wide bicep curls","Curls de bíceps abiertos con mancuernas","nivel_desconocido | sin_video_o_gif_compatible","https://wger.de/en/exercise/1225/view/"
"wger-1226","Dumbbell bicep curl to press","Curl de bíceps con press de hombros con mancuernas","nivel_desconocido | sin_video_o_gif_compatible","https://wger.de/en/exercise/1226/view/"
"wger-1227","Dumbbell rear delt row","Remo para deltoides posterior con mancuernas","nivel_desconocido | sin_video_o_gif_compatible","https://wger.de/en/exercise/1227/view/"
"wger-1228","Dumbbell close grip bench press","Press de banca con agarre cerrado con mancuernas","nivel_desconocido | sin_recurso_visual | sin_video_o_gif_compatible","https://wger.de/en/exercise/1228/view/"
"wger-1230","Triceps stretch left","Estiramiento de tríceps izquierdo","nivel_desconocido | sin_video_o_gif_compatible","https://wger.de/en/exercise/1230/view/"
"wger-1231","Triceps stretch right","Estiramiento de tríceps derecho","nivel_desconocido | sin_video_o_gif_compatible","https://wger.de/en/exercise/1231/view/"
"wger-1232","Standing biceps stretch left","Estiramiento de bíceps de pie izquierdo","nivel_desconocido | sin_video_o_gif_compatible","https://wger.de/en/exercise/1232/view/"
"wger-1233","Standing biceps stretch right","Estiramiento de bíceps de pie derecho","nivel_desconocido | sin_video_o_gif_compatible","https://wger.de/en/exercise/1233/view/"
"wger-1234","Dumbbell Single-leg Hip Thrust","Empuje de cadera a una pierna con mancuerna","nivel_desconocido | sin_recurso_visual | sin_video_o_gif_compatible","https://wger.de/en/exercise/1234/view/"
"wger-1238","Frog stand","Postura de la rana","nivel_desconocido | sin_recurso_visual | sin_video_o_gif_compatible","https://wger.de/en/exercise/1238/view/"
"wger-1239","Standing Calf Stretch","Estiramiento de gemelos de pie","nivel_desconocido | sin_video_o_gif_compatible","https://wger.de/en/exercise/1239/view/"
"wger-1240","Standing Soleus Stretch","","nombre_sin_espanol | pasos_sin_espanol | nivel_desconocido | sin_recurso_visual | sin_video_o_gif_compatible","https://wger.de/en/exercise/1240/view/"
"wger-1241","Exercise Band Dorsiflexion","","nombre_sin_espanol | pasos_sin_espanol | nivel_desconocido | sin_recurso_visual | sin_video_o_gif_compatible","https://wger.de/en/exercise/1241/view/"
"wger-1242","Exercise Band Plantarflexion","Flexión plantar con banda elástica","nivel_desconocido | sin_recurso_visual | sin_video_o_gif_compatible","https://wger.de/en/exercise/1242/view/"
"wger-1243","Double Leg Calf Raise","Elevación de talones a dos piernas","nivel_desconocido | sin_video_o_gif_compatible","https://wger.de/en/exercise/1243/view/"
"wger-1244","Yoga exercise: Cow-cat","Gato-Vaca (movilidad espinal)","nivel_desconocido | equipo_sin_confirmar | sin_recurso_visual | sin_video_o_gif_compatible","https://wger.de/en/exercise/1244/view/"
"wger-1245","Front Lever","","nombre_sin_espanol | pasos_sin_espanol | nivel_desconocido | sin_recurso_visual | sin_video_o_gif_compatible","https://wger.de/en/exercise/1245/view/"
"wger-1246","TRX roll out","TRX roll out","nivel_desconocido | sin_recurso_visual | sin_video_o_gif_compatible","https://wger.de/en/exercise/1246/view/"
"wger-1248","Ice cream maker","Ice Scream maker","nivel_desconocido | sin_recurso_visual | sin_video_o_gif_compatible","https://wger.de/en/exercise/1248/view/"
"wger-1252","Front lever pull-up","","nombre_sin_espanol | pasos_sin_espanol | nivel_desconocido | sin_recurso_visual | sin_video_o_gif_compatible","https://wger.de/en/exercise/1252/view/"
"wger-1259","TRX Obliques","Oblicuos en TRX","nivel_desconocido | sin_recurso_visual | sin_video_o_gif_compatible","https://wger.de/en/exercise/1259/view/"
"wger-1260","TRX hammer curl","TRX hammer curl","nivel_desconocido | sin_recurso_visual | sin_video_o_gif_compatible","https://wger.de/en/exercise/1260/view/"
"wger-1261","TRX gorilla biceps curl","TRX- biceps gorila","nivel_desconocido | sin_recurso_visual | sin_video_o_gif_compatible","https://wger.de/en/exercise/1261/view/"
"wger-1262","Trx Single Arm Bicep Curl","TRX - curl de bíceps a un brazo","nivel_desconocido | sin_recurso_visual | sin_video_o_gif_compatible","https://wger.de/en/exercise/1262/view/"
"wger-1263","Back bridge","Puente con propio peso","nivel_desconocido | musculo_principal_desconocido | sin_recurso_visual | sin_video_o_gif_compatible","https://wger.de/en/exercise/1263/view/"
"wger-1266","TRX Tricep Extension","extensiones de triceps con trx","nivel_desconocido | sin_recurso_visual | sin_video_o_gif_compatible","https://wger.de/en/exercise/1266/view/"
"wger-1269","TRX dips","Fondos en TRX","nivel_desconocido | sin_recurso_visual | sin_video_o_gif_compatible","https://wger.de/en/exercise/1269/view/"
"wger-1270","Low Pulley Cable Fly","Aperturas en polea baja","nivel_desconocido | sin_recurso_visual | sin_video_o_gif_compatible","https://wger.de/en/exercise/1270/view/"
"wger-1273","Pullover","","nombre_sin_espanol | pasos_sin_espanol | nivel_desconocido | sin_recurso_visual | sin_video_o_gif_compatible","https://wger.de/en/exercise/1273/view/"
"wger-1274","Sitting Calf Stretch (Dorsiflexion)","","nombre_sin_espanol | pasos_sin_espanol | nivel_desconocido | sin_video_o_gif_compatible","https://wger.de/en/exercise/1274/view/"
"wger-1275","Plantarflexion Stretch with Band","","nombre_sin_espanol | pasos_sin_espanol | nivel_desconocido | musculo_principal_desconocido | sin_video_o_gif_compatible","https://wger.de/en/exercise/1275/view/"
"wger-1280","Biceps Close Grip Pull Down","Jalón al pecho con agarre estrecho para bíceps","nivel_desconocido | sin_recurso_visual | sin_video_o_gif_compatible","https://wger.de/en/exercise/1280/view/"
"wger-1282","Isometria trazioni impugnatura inversa","","nombre_sin_espanol | pasos_sin_espanol | nivel_desconocido | sin_recurso_visual | sin_video_o_gif_compatible","https://wger.de/en/exercise/1282/view/"
"wger-1283","Incline Chest-Supported Dumbbell Row","Remo con mancuernas en banco inclinado con apoyo en el pecho","nivel_desconocido | sin_video_o_gif_compatible","https://wger.de/en/exercise/1283/view/"
"wger-1284","Pseudo Planche Push-up","Flexión pseudo planche","nivel_desconocido | sin_recurso_visual | sin_video_o_gif_compatible","https://wger.de/en/exercise/1284/view/"
"wger-1285","Talons fesses","","nombre_sin_espanol | pasos_sin_espanol | nivel_desconocido | sin_video_o_gif_compatible","https://wger.de/en/exercise/1285/view/"
"wger-1286","Dynamic Planche","Planche dinámica","nivel_desconocido | sin_recurso_visual | sin_video_o_gif_compatible","https://wger.de/en/exercise/1286/view/"
"wger-1287","Reach ups","Reach ups","nivel_desconocido | sin_recurso_visual | sin_video_o_gif_compatible","https://wger.de/en/exercise/1287/view/"
"wger-1288","Dynamic side plank","Plancha lateral dinámica","nivel_desconocido | sin_recurso_visual | sin_video_o_gif_compatible","https://wger.de/en/exercise/1288/view/"
"wger-1289","Seated Dumbbell Curls","Curl con mancuernas sentado","nivel_desconocido | sin_recurso_visual | sin_video_o_gif_compatible","https://wger.de/en/exercise/1289/view/"
"wger-1290","Reverse Grip Barbell Curls","Curl de bíceps con barra en agarre invertido","nivel_desconocido | sin_video_o_gif_compatible","https://wger.de/en/exercise/1290/view/"
"wger-1292","Reverse-grip pull-ups","","nombre_sin_espanol | pasos_sin_espanol | nivel_desconocido | sin_recurso_visual | sin_video_o_gif_compatible","https://wger.de/en/exercise/1292/view/"
"wger-1293","One armed push-ups","","nombre_sin_espanol | pasos_sin_espanol | nivel_desconocido | sin_recurso_visual | sin_video_o_gif_compatible","https://wger.de/en/exercise/1293/view/"
"wger-1294","Single-leg hamstring curl","","nombre_sin_espanol | pasos_sin_espanol | nivel_desconocido | sin_recurso_visual | sin_video_o_gif_compatible","https://wger.de/en/exercise/1294/view/"
"wger-1296","Low-Cable Cross-Over - NB","Cruce de poleas bajas","nivel_desconocido | sin_video_o_gif_compatible","https://wger.de/en/exercise/1296/view/"
"wger-1298","High-Cable Cross Tricep Extention - NB","Extensión de tríceps cruzada en polea alta","nivel_desconocido | sin_video_o_gif_compatible","https://wger.de/en/exercise/1298/view/"
"wger-1303","Helms Row","Remo Helms","nivel_desconocido | sin_recurso_visual | sin_video_o_gif_compatible","https://wger.de/en/exercise/1303/view/"
"wger-1304","Meadows Row","Remo Meadows","nivel_desconocido | sin_recurso_visual | sin_video_o_gif_compatible","https://wger.de/en/exercise/1304/view/"
"wger-1307","Front Plank","Plancha frontal","nivel_desconocido | sin_recurso_visual | sin_video_o_gif_compatible","https://wger.de/en/exercise/1307/view/"
"wger-1312","Bodyweight Squat HD","Bodyweight Squat HD","nivel_desconocido | sin_recurso_visual | sin_video_o_gif_compatible","https://wger.de/en/exercise/1312/view/"
"wger-1314","Jumping Jack HD","Jumping Jack HD","nivel_desconocido | sin_recurso_visual | sin_video_o_gif_compatible","https://wger.de/en/exercise/1314/view/"
"wger-1318","High Knee Skips HD","Saltos Altos De Rodilla HD","nivel_desconocido | sin_recurso_visual | sin_video_o_gif_compatible","https://wger.de/en/exercise/1318/view/"
"wger-1320","Bench Dips On Floor HD","Inmersiones De Banco En El Piso HD","nivel_desconocido | sin_recurso_visual | sin_video_o_gif_compatible","https://wger.de/en/exercise/1320/view/"
"wger-1324","Bodyweight lunge HD","Zancada con el peso corporal","nivel_desconocido | sin_recurso_visual | sin_video_o_gif_compatible","https://wger.de/en/exercise/1324/view/"
"wger-1325","Lateral Push Off","","nombre_sin_espanol | pasos_sin_espanol | nivel_desconocido | sin_video_o_gif_compatible","https://wger.de/en/exercise/1325/view/"
"wger-1333","Forearm Curls (underhand grip)","","nombre_sin_espanol | pasos_sin_espanol | nivel_desconocido | musculo_principal_desconocido | sin_video_o_gif_compatible","https://wger.de/en/exercise/1333/view/"
"wger-1336","Triceps Overhead (Dumbbell)","Extensión de tríceps sobre la cabeza (mancuerna)","nivel_desconocido | sin_video_o_gif_compatible","https://wger.de/en/exercise/1336/view/"
"wger-1338","Shoulder Raise (Dumbbell)","Elevación de hombros (mancuerna)","nivel_desconocido | sin_video_o_gif_compatible","https://wger.de/en/exercise/1338/view/"
"wger-1348","Lower Back Extensions","Extensiones de espalda baja","nivel_desconocido | musculo_principal_desconocido | sin_video_o_gif_compatible","https://wger.de/en/exercise/1348/view/"
"wger-1353","Dumbbell Hex Press","Press hex con mancuernas","nivel_desconocido | sin_video_o_gif_compatible","https://wger.de/en/exercise/1353/view/"
"wger-1360","Double Kettlebell Clean and Press","Clean and press con doble kettlebell","nivel_desconocido | sin_recurso_visual | sin_video_o_gif_compatible","https://wger.de/en/exercise/1360/view/"
"wger-1361","Double Kettlebell Front Squat","","nombre_sin_espanol | pasos_sin_espanol | nivel_desconocido | sin_recurso_visual | sin_video_o_gif_compatible","https://wger.de/en/exercise/1361/view/"
"wger-1363","Blackroll","","nombre_sin_espanol | pasos_sin_espanol | nivel_desconocido | musculo_principal_desconocido | sin_video_o_gif_compatible","https://wger.de/en/exercise/1363/view/"
"wger-1366","Dumbbell Split Squat","","nombre_sin_espanol | pasos_sin_espanol | nivel_desconocido | sin_recurso_visual | sin_video_o_gif_compatible","https://wger.de/en/exercise/1366/view/"
"wger-1370","Dumbbell Deadlift","","nombre_sin_espanol | pasos_sin_espanol | nivel_desconocido | sin_recurso_visual | sin_video_o_gif_compatible","https://wger.de/en/exercise/1370/view/"
"wger-1372","Triceps Dips (Assisted)","","nombre_sin_espanol | pasos_sin_espanol | nivel_desconocido | sin_recurso_visual | sin_video_o_gif_compatible","https://wger.de/en/exercise/1372/view/"
"wger-1373","box jumps","","nombre_sin_espanol | pasos_sin_espanol | nivel_desconocido | sin_recurso_visual | sin_video_o_gif_compatible","https://wger.de/en/exercise/1373/view/"
"wger-1374","Rotary Torso Machine","","nombre_sin_espanol | pasos_sin_espanol | nivel_desconocido | sin_recurso_visual | sin_video_o_gif_compatible","https://wger.de/en/exercise/1374/view/"
"wger-1377","Torso Twist","Giro de torso","nivel_desconocido | sin_video_o_gif_compatible","https://wger.de/en/exercise/1377/view/"
"wger-1378","Cable Lateral Raises (Single Arm)","Elevaciones laterales en polea (a un brazo)","nivel_desconocido | sin_video_o_gif_compatible","https://wger.de/en/exercise/1378/view/"
"wger-1380","Band pull-aparts","Aperturas con banda elástica","nivel_desconocido | musculo_principal_desconocido | sin_recurso_visual | sin_video_o_gif_compatible","https://wger.de/en/exercise/1380/view/"
"wger-1381","Upper Back","Espalda alta","nivel_desconocido | sin_recurso_visual | sin_video_o_gif_compatible","https://wger.de/en/exercise/1381/view/"
"wger-1384","Pullover Machine","","nombre_sin_espanol | pasos_sin_espanol | nivel_desconocido | sin_recurso_visual | sin_video_o_gif_compatible","https://wger.de/en/exercise/1384/view/"
"wger-1387","Hamstring Kicks","Patadas de isquiotibiales","nivel_desconocido | sin_video_o_gif_compatible","https://wger.de/en/exercise/1387/view/"
"wger-1388","Single Leg RDL","Peso muerto rumano a una pierna","nivel_desconocido | sin_recurso_visual | sin_video_o_gif_compatible","https://wger.de/en/exercise/1388/view/"
"wger-1390","Toe Touch","Tocar los dedos del pie","nivel_desconocido | sin_recurso_visual | sin_video_o_gif_compatible","https://wger.de/en/exercise/1390/view/"
"wger-1391","Elephant Walks","Caminata del elefante","nivel_desconocido | sin_recurso_visual | sin_video_o_gif_compatible","https://wger.de/en/exercise/1391/view/"
"wger-1393","Single Leg Hamstring Stretch","Estiramiento de isquiotibiales a una pierna","nivel_desconocido | sin_recurso_visual | sin_video_o_gif_compatible","https://wger.de/en/exercise/1393/view/"
"wger-1394","Sit & Reach","Sit & Reach","nivel_desconocido | equipo_sin_confirmar | sin_recurso_visual | sin_video_o_gif_compatible","https://wger.de/en/exercise/1394/view/"
"wger-1395","Crossbody Leg Swings","Balanceos de pierna cruzados","nivel_desconocido | sin_recurso_visual | sin_video_o_gif_compatible","https://wger.de/en/exercise/1395/view/"
"wger-1396","Standing Pancake","Pancake de pie","nivel_desconocido | sin_recurso_visual | sin_video_o_gif_compatible","https://wger.de/en/exercise/1396/view/"
"wger-1397","Standing Pancake Good Morning","Buenos días de pie con apertura (pancake)","nivel_desconocido | sin_recurso_visual | sin_video_o_gif_compatible","https://wger.de/en/exercise/1397/view/"
"wger-1398","Hamstring Chokes","Hamstring Chokes","nivel_desconocido | sin_recurso_visual | sin_video_o_gif_compatible","https://wger.de/en/exercise/1398/view/"
"wger-1399","Roll Down","Roll Down","nivel_desconocido | musculo_principal_desconocido | sin_recurso_visual | sin_video_o_gif_compatible","https://wger.de/en/exercise/1399/view/"
"wger-1400","Crossbody Hamstring Stretch","Estiramiento cruzado de isquiotibiales","nivel_desconocido | sin_recurso_visual | sin_video_o_gif_compatible","https://wger.de/en/exercise/1400/view/"
"wger-1406","Plank-to-Elbow Extension","","nombre_sin_espanol | pasos_sin_espanol | nivel_desconocido | sin_recurso_visual | sin_video_o_gif_compatible","https://wger.de/en/exercise/1406/view/"
"wger-1407","Cossack squat","Sentadilla cosaca","nivel_desconocido | sin_recurso_visual | sin_video_o_gif_compatible","https://wger.de/en/exercise/1407/view/"
"wger-1408","Wall-sit","Sentadilla en pared","nivel_desconocido | sin_recurso_visual | sin_video_o_gif_compatible","https://wger.de/en/exercise/1408/view/"
"wger-1409","Dragon-flag","Dragon flag","nivel_desconocido | sin_recurso_visual | sin_video_o_gif_compatible","https://wger.de/en/exercise/1409/view/"
"wger-1410","Plank with Alternating Leg Lift","Plancha con elevación de pierna","nivel_desconocido | sin_recurso_visual | sin_video_o_gif_compatible","https://wger.de/en/exercise/1410/view/"
"wger-1411","Heel Touches","Toques de Talón","nivel_desconocido | sin_recurso_visual | sin_video_o_gif_compatible","https://wger.de/en/exercise/1411/view/"
"wger-1412","bicycle crunches","Abdominales en bicicleta","nivel_desconocido | sin_recurso_visual | sin_video_o_gif_compatible","https://wger.de/en/exercise/1412/view/"
"wger-1414","Hack Squats","Sentadillas Hack","nivel_desconocido | sin_recurso_visual | sin_video_o_gif_compatible","https://wger.de/en/exercise/1414/view/"
"wger-1415","Dumbbell Crunches","Abdominales con mancuerna","nivel_desconocido | sin_recurso_visual | sin_video_o_gif_compatible","https://wger.de/en/exercise/1415/view/"
"wger-1424","Biceps Curl Machine","Curl de bíceps sentado","nivel_desconocido | sin_recurso_visual | sin_video_o_gif_compatible","https://wger.de/en/exercise/1424/view/"
"wger-1425","Toe Taps","Toques de pie alternados","nivel_desconocido | sin_recurso_visual | sin_video_o_gif_compatible","https://wger.de/en/exercise/1425/view/"
"wger-1426","Standing Side Crunches","Crunch lateral de pie","nivel_desconocido | sin_recurso_visual | sin_video_o_gif_compatible","https://wger.de/en/exercise/1426/view/"
"wger-1429","Dumbbell Shoulder Rotations","Rotaciones de hombro con mancuerna","nivel_desconocido | sin_recurso_visual | sin_video_o_gif_compatible","https://wger.de/en/exercise/1429/view/"
"wger-1430","Plate Pinch Hold","Sostén con pellizco de disco","nivel_desconocido | sin_recurso_visual | sin_video_o_gif_compatible","https://wger.de/en/exercise/1430/view/"
"wger-1433","Reverse Wood Chops","Leñador inverso","nivel_desconocido | sin_recurso_visual | sin_video_o_gif_compatible","https://wger.de/en/exercise/1433/view/"
"wger-1434","Lat Pull DB","","nombre_sin_espanol | pasos_sin_espanol | nivel_desconocido | sin_recurso_visual | sin_video_o_gif_compatible","https://wger.de/en/exercise/1434/view/"
"wger-1435","Scapula Pulls","","nombre_sin_espanol | pasos_sin_espanol | nivel_desconocido | sin_recurso_visual | sin_video_o_gif_compatible","https://wger.de/en/exercise/1435/view/"
"wger-1436","Pin Bench Press BB","Press de banca con pines (barra)","nivel_desconocido | sin_recurso_visual | sin_video_o_gif_compatible","https://wger.de/en/exercise/1436/view/"
"wger-1437","Pin Squat","Sentadilla con pines","nivel_desconocido | sin_recurso_visual | sin_video_o_gif_compatible","https://wger.de/en/exercise/1437/view/"
"wger-1439","Pin OHP","","nombre_sin_espanol | pasos_sin_espanol | nivel_desconocido | sin_recurso_visual | sin_video_o_gif_compatible","https://wger.de/en/exercise/1439/view/"
"wger-1440","Push OHP","Push Press","nivel_desconocido | sin_recurso_visual | sin_video_o_gif_compatible","https://wger.de/en/exercise/1440/view/"
"wger-1441","Incline OHP DB","Press militar en banco inclinado con mancuernas","nivel_desconocido | sin_recurso_visual | sin_video_o_gif_compatible","https://wger.de/en/exercise/1441/view/"
"wger-1442","Kreis Press DB","Press circular con mancuernas","nivel_desconocido | sin_recurso_visual | sin_video_o_gif_compatible","https://wger.de/en/exercise/1442/view/"
"wger-1443","Shoulder Raise Side and Front DB","Elevación lateral y frontal con mancuernas","nivel_desconocido | sin_recurso_visual | sin_video_o_gif_compatible","https://wger.de/en/exercise/1443/view/"
"wger-1445","Jerk OL","Jerk (envión)","nivel_desconocido | sin_recurso_visual | sin_video_o_gif_compatible","https://wger.de/en/exercise/1445/view/"
"wger-1446","Clean and Jerk OL","","nombre_sin_espanol | pasos_sin_espanol | nivel_desconocido | sin_recurso_visual | sin_video_o_gif_compatible","https://wger.de/en/exercise/1446/view/"
"wger-1447","Snatch OL","Snatch (arrancada)","nivel_desconocido | sin_recurso_visual | sin_video_o_gif_compatible","https://wger.de/en/exercise/1447/view/"
"wger-1448","Seated W Curl","Curl inclinado con mancuernas","nivel_desconocido | sin_video_o_gif_compatible","https://wger.de/en/exercise/1448/view/"
"wger-1449","ClimbMill","Escaladora","nivel_desconocido | sin_recurso_visual | sin_video_o_gif_compatible","https://wger.de/en/exercise/1449/view/"
"wger-1450","Cobra Stretch","Postura de la Cobra (en Yoga)","nivel_desconocido | sin_recurso_visual | sin_video_o_gif_compatible","https://wger.de/en/exercise/1450/view/"
"wger-1451","Torso rotation stretch","Estiramiento de rotación del torso","nivel_desconocido | sin_recurso_visual | sin_video_o_gif_compatible","https://wger.de/en/exercise/1451/view/"
"wger-1452","Knee to Chest Stretch","Estiramiento de rodilla al pecho","nivel_desconocido | sin_video_o_gif_compatible","https://wger.de/en/exercise/1452/view/"
"wger-1455","Towel Superman","Superman con toalla","nivel_desconocido | sin_recurso_visual | sin_video_o_gif_compatible","https://wger.de/en/exercise/1455/view/"
"wger-1457","Cable Press Around","Cable Press Around","nivel_desconocido | sin_recurso_visual | sin_video_o_gif_compatible","https://wger.de/en/exercise/1457/view/"
"wger-1458","Cross-Body Cable Y-Raise","","nombre_sin_espanol | pasos_sin_espanol | nivel_desconocido | sin_recurso_visual | sin_video_o_gif_compatible","https://wger.de/en/exercise/1458/view/"
"wger-1461","No Leg Drive Dumbbell Chest Press","Press de pecho con mancuernas sin impulso de piernas","nivel_desconocido | sin_recurso_visual | sin_video_o_gif_compatible","https://wger.de/en/exercise/1461/view/"
"wger-1462","punches","","nombre_sin_espanol | pasos_sin_espanol | nivel_desconocido | sin_recurso_visual | sin_video_o_gif_compatible","https://wger.de/en/exercise/1462/view/"
"wger-1463","Dumbbell Underhand Dead Row","Remo con mancuernas en supinación desde parada muerta","nivel_desconocido | sin_recurso_visual | sin_video_o_gif_compatible","https://wger.de/en/exercise/1463/view/"
"wger-1464","Pause Hack Squats","Hack squats con pausa","nivel_desconocido | sin_recurso_visual | sin_video_o_gif_compatible","https://wger.de/en/exercise/1464/view/"
"wger-1466","Calf Raise using Hack Squat Machine","","nombre_sin_espanol | pasos_sin_espanol | nivel_desconocido | sin_recurso_visual | sin_video_o_gif_compatible","https://wger.de/en/exercise/1466/view/"
"wger-1467","Incline Close Grip Barbell Bench Press","","nombre_sin_espanol | pasos_sin_espanol | nivel_desconocido | sin_recurso_visual | sin_video_o_gif_compatible","https://wger.de/en/exercise/1467/view/"
"wger-1468","Floor Skull Crusher","Press francés en el suelo","nivel_desconocido | sin_recurso_visual | sin_video_o_gif_compatible","https://wger.de/en/exercise/1468/view/"
"wger-1469","Bent over Cable Flye","","nombre_sin_espanol | pasos_sin_espanol | nivel_desconocido | sin_recurso_visual | sin_video_o_gif_compatible","https://wger.de/en/exercise/1469/view/"
"wger-1470","1-Arm Half-Kneeling Lat Pulldown","","nombre_sin_espanol | pasos_sin_espanol | nivel_desconocido | sin_recurso_visual | sin_video_o_gif_compatible","https://wger.de/en/exercise/1470/view/"
"wger-1471","Kroc Row","","nombre_sin_espanol | pasos_sin_espanol | nivel_desconocido | sin_recurso_visual | sin_video_o_gif_compatible","https://wger.de/en/exercise/1471/view/"
"wger-1472","Cable Shrug-In","","nombre_sin_espanol | pasos_sin_espanol | nivel_desconocido | sin_recurso_visual | sin_video_o_gif_compatible","https://wger.de/en/exercise/1472/view/"
"wger-1473","Reverse Cable Flye","","nombre_sin_espanol | pasos_sin_espanol | nivel_desconocido | sin_recurso_visual | sin_video_o_gif_compatible","https://wger.de/en/exercise/1473/view/"
"wger-1474","W-Raise","W-Raise","nivel_desconocido | sin_recurso_visual | sin_video_o_gif_compatible","https://wger.de/en/exercise/1474/view/"
"wger-1475","Black Widow Knee Slides","Black Widow Knee Slides","nivel_desconocido | sin_recurso_visual | sin_video_o_gif_compatible","https://wger.de/en/exercise/1475/view/"
"wger-1476","Butterfly Sit Up","Abdominal mariposa","nivel_desconocido | sin_recurso_visual | sin_video_o_gif_compatible","https://wger.de/en/exercise/1476/view/"
"wger-1477","Seated Corkscrew","Sacacorchos sentado","nivel_desconocido | sin_recurso_visual | sin_video_o_gif_compatible","https://wger.de/en/exercise/1477/view/"
"wger-1478","Levitation Crunch","Crunch de levitación","nivel_desconocido | sin_recurso_visual | sin_video_o_gif_compatible","https://wger.de/en/exercise/1478/view/"
"wger-1479","Sit Up Elbow Thrust","Abdominal con golpe de codo","nivel_desconocido | sin_video_o_gif_compatible","https://wger.de/en/exercise/1479/view/"
"wger-1480","Lying Triceps Extensions","Extensiones de tríceps tumbado","nivel_desconocido | sin_recurso_visual | sin_video_o_gif_compatible","https://wger.de/en/exercise/1480/view/"
"wger-1481","Drag Pushdown","Drag pushdown","nivel_desconocido | sin_recurso_visual | sin_video_o_gif_compatible","https://wger.de/en/exercise/1481/view/"
"wger-1482","Dumbbell Cheat Curl","Curl con trampa con mancuernas","nivel_desconocido | sin_recurso_visual | sin_video_o_gif_compatible","https://wger.de/en/exercise/1482/view/"
"wger-1483","Bizeps Curls Trifecta","Curl de bíceps trifecta","nivel_desconocido | sin_recurso_visual | sin_video_o_gif_compatible","https://wger.de/en/exercise/1483/view/"
"wger-1484","Omni Cable Cross-over","Cruce de poleas omni","nivel_desconocido | sin_recurso_visual | sin_video_o_gif_compatible","https://wger.de/en/exercise/1484/view/"
"wger-1485","Rocking Triceps Pushdown","Rocking triceps pushdown","nivel_desconocido | sin_recurso_visual | sin_video_o_gif_compatible","https://wger.de/en/exercise/1485/view/"
"wger-1486","Alternating High Cable Row","Remo alto en polea alternado","nivel_desconocido | sin_recurso_visual | sin_video_o_gif_compatible","https://wger.de/en/exercise/1486/view/"
"wger-1487","Hyper Y W Combo","Combinación hiperextensión Y-W","nivel_desconocido | sin_recurso_visual | sin_video_o_gif_compatible","https://wger.de/en/exercise/1487/view/"
"wger-1489","Plank Jacks","","nombre_sin_espanol | pasos_sin_espanol | nivel_desconocido | sin_recurso_visual | sin_video_o_gif_compatible","https://wger.de/en/exercise/1489/view/"
"wger-1490","Lying Triceps Kickback","Patada de tríceps tumbado","nivel_desconocido | sin_recurso_visual | sin_video_o_gif_compatible","https://wger.de/en/exercise/1490/view/"
"wger-1492","High Row","","nombre_sin_espanol | pasos_sin_espanol | nivel_desconocido | sin_recurso_visual | sin_video_o_gif_compatible","https://wger.de/en/exercise/1492/view/"
"wger-1493","Bayesian Curl","","nombre_sin_espanol | pasos_sin_espanol | nivel_desconocido | sin_recurso_visual | sin_video_o_gif_compatible","https://wger.de/en/exercise/1493/view/"
"wger-1496","DB Upper Chest Variation","Variación con mancuerna para el pecho superior","nivel_desconocido | sin_recurso_visual | sin_video_o_gif_compatible","https://wger.de/en/exercise/1496/view/"
"wger-1497","DB Underhand bench press","","nombre_sin_espanol | pasos_sin_espanol | nivel_desconocido | sin_recurso_visual | sin_video_o_gif_compatible","https://wger.de/en/exercise/1497/view/"
"wger-1498","Elbows Tucked DB Bench Press","","nombre_sin_espanol | pasos_sin_espanol | nivel_desconocido | sin_recurso_visual | sin_video_o_gif_compatible","https://wger.de/en/exercise/1498/view/"
"wger-1501","Alternative DB Gorilla rows","Remo gorila alternativo con mancuernas","nivel_desconocido | sin_recurso_visual | sin_video_o_gif_compatible","https://wger.de/en/exercise/1501/view/"
"wger-1502","DB Cross Body Hammer Curls","","nombre_sin_espanol | pasos_sin_espanol | nivel_desconocido | sin_recurso_visual | sin_video_o_gif_compatible","https://wger.de/en/exercise/1502/view/"
"wger-1503","Dumbbell Frog Press","","nombre_sin_espanol | pasos_sin_espanol | nivel_desconocido | sin_recurso_visual | sin_video_o_gif_compatible","https://wger.de/en/exercise/1503/view/"
"wger-1504","Dumbbell Bradford press","Press Bradford con mancuernas","nivel_desconocido | sin_recurso_visual | sin_video_o_gif_compatible","https://wger.de/en/exercise/1504/view/"
"wger-1508","High-Incline Smith Machine Press","","nombre_sin_espanol | pasos_sin_espanol | nivel_desconocido | sin_recurso_visual | sin_video_o_gif_compatible","https://wger.de/en/exercise/1508/view/"
"wger-1509","Cable Tricep Kickback","Patada de tríceps en polea","nivel_desconocido | sin_recurso_visual | sin_video_o_gif_compatible","https://wger.de/en/exercise/1509/view/"
"wger-1510","Neutral Grip Lat Pulldown","","nombre_sin_espanol | pasos_sin_espanol | nivel_desconocido | sin_recurso_visual | sin_video_o_gif_compatible","https://wger.de/en/exercise/1510/view/"
"wger-1511","Kong Curl","Kong Curl","nivel_desconocido | sin_recurso_visual | sin_video_o_gif_compatible","https://wger.de/en/exercise/1511/view/"
"wger-1512","Drop Curl","Drop Curl","nivel_desconocido | sin_recurso_visual | sin_video_o_gif_compatible","https://wger.de/en/exercise/1512/view/"
"wger-1513","Overhead Cable Tricep Extension","Extensión de tríceps sobre la cabeza en polea","nivel_desconocido | sin_recurso_visual | sin_video_o_gif_compatible","https://wger.de/en/exercise/1513/view/"
"wger-1514","Lateral Walk","Caminata lateral","nivel_desconocido | sin_recurso_visual | sin_video_o_gif_compatible","https://wger.de/en/exercise/1514/view/"
"wger-1515","Leg Press Toe Press","","nombre_sin_espanol | pasos_sin_espanol | nivel_desconocido | sin_recurso_visual | sin_video_o_gif_compatible","https://wger.de/en/exercise/1515/view/"
"wger-1516","Handstand","","nombre_sin_espanol | pasos_sin_espanol | nivel_desconocido | sin_recurso_visual | sin_video_o_gif_compatible","https://wger.de/en/exercise/1516/view/"
"wger-1519","Overhead Triceps Extension","Extensión de tríceps por encima de la cabeza","nivel_desconocido | sin_video_o_gif_compatible","https://wger.de/en/exercise/1519/view/"
"wger-1521","Pendular hack","Pendular hack","nivel_desconocido | musculo_principal_desconocido | sin_video_o_gif_compatible","https://wger.de/en/exercise/1521/view/"
"wger-1524","Battle Ropes","Cuerdas de batalla","nivel_desconocido | sin_recurso_visual | sin_video_o_gif_compatible","https://wger.de/en/exercise/1524/view/"
"wger-1525","Ball Slams","Lanzamientos de balón","nivel_desconocido | sin_recurso_visual | sin_video_o_gif_compatible","https://wger.de/en/exercise/1525/view/"
"wger-1526","Ski Machine","Máquina de esquí","nivel_desconocido | sin_recurso_visual | sin_video_o_gif_compatible","https://wger.de/en/exercise/1526/view/"
"wger-1527","Pendulum Squat","","nombre_sin_espanol | pasos_sin_espanol | nivel_desconocido | sin_recurso_visual | sin_video_o_gif_compatible","https://wger.de/en/exercise/1527/view/"
"wger-1528","Glute Drive","Glute Drive","nivel_desconocido | sin_recurso_visual | sin_video_o_gif_compatible","https://wger.de/en/exercise/1528/view/"
"wger-1529","Toes to bar","Toes to bar (pies a la barra)","nivel_desconocido | sin_recurso_visual | sin_video_o_gif_compatible","https://wger.de/en/exercise/1529/view/"
"wger-1530","Lying Dumbbell Curls","Curls con mancuernas tumbado","nivel_desconocido | sin_recurso_visual | sin_video_o_gif_compatible","https://wger.de/en/exercise/1530/view/"
"wger-1531","Cable Curls","","nombre_sin_espanol | pasos_sin_espanol | nivel_desconocido | sin_recurso_visual | sin_video_o_gif_compatible","https://wger.de/en/exercise/1531/view/"
"wger-1536","Delt Stretch","","nombre_sin_espanol | pasos_sin_espanol | nivel_desconocido | sin_recurso_visual | sin_video_o_gif_compatible","https://wger.de/en/exercise/1536/view/"
"wger-1537","Pull-up Isometric Hold","","nombre_sin_espanol | pasos_sin_espanol | nivel_desconocido | sin_recurso_visual | sin_video_o_gif_compatible","https://wger.de/en/exercise/1537/view/"
"wger-1545","Archer Pull Up","Dominada de arquero","nivel_desconocido | sin_recurso_visual | sin_video_o_gif_compatible","https://wger.de/en/exercise/1545/view/"
"wger-1546","Larsen Press","","nombre_sin_espanol | pasos_sin_espanol | nivel_desconocido | sin_recurso_visual | sin_video_o_gif_compatible","https://wger.de/en/exercise/1546/view/"
"wger-1548","Stair Master","Stair Master","nivel_desconocido | sin_recurso_visual | sin_video_o_gif_compatible","https://wger.de/en/exercise/1548/view/"
"wger-1551","Push-Up","Push-Up","nivel_desconocido | sin_video_o_gif_compatible","https://wger.de/en/exercise/1551/view/"
"wger-1554","Clap Push-UP","Flexión con palmada","nivel_desconocido | sin_video_o_gif_compatible","https://wger.de/en/exercise/1554/view/"
"wger-1556","Devil’s Press","Devil's Press","nivel_desconocido | sin_video_o_gif_compatible","https://wger.de/en/exercise/1556/view/"
"wger-1567","Alternating dumbbell hammer curl","Curl alterno de martillo con mancuernas","nivel_desconocido | sin_video_o_gif_compatible","https://wger.de/en/exercise/1567/view/"
"wger-1572","Bird Dog","Bird Dog","nivel_desconocido | sin_video_o_gif_compatible","https://wger.de/en/exercise/1572/view/"
"wger-1573","Ab wheel","Rueda abdominal","nivel_desconocido | sin_video_o_gif_compatible","https://wger.de/en/exercise/1573/view/"
"wger-1574","Schwimmen","","nombre_sin_espanol | pasos_sin_espanol | nivel_desconocido | musculo_principal_desconocido | sin_recurso_visual | sin_video_o_gif_compatible","https://wger.de/en/exercise/1574/view/"
"wger-1575","Standing Dowel Shoulder press","","nombre_sin_espanol | pasos_sin_espanol | nivel_desconocido | musculo_principal_desconocido | sin_recurso_visual | sin_video_o_gif_compatible","https://wger.de/en/exercise/1575/view/"
"wger-1576","Snap Down","Snap Down","nivel_desconocido | sin_recurso_visual | sin_video_o_gif_compatible","https://wger.de/en/exercise/1576/view/"
"wger-1577","Bretzel stretch","Estiramiento Bretzel","nivel_desconocido | sin_recurso_visual | sin_video_o_gif_compatible","https://wger.de/en/exercise/1577/view/"
"wger-1578","Hip hinge","Hip Hinge","nivel_desconocido | sin_recurso_visual | sin_video_o_gif_compatible","https://wger.de/en/exercise/1578/view/"
"wger-1579","Bronco","Bronco","nivel_desconocido | musculo_principal_desconocido | sin_recurso_visual | sin_video_o_gif_compatible","https://wger.de/en/exercise/1579/view/"
"wger-1580","Perpendicular Unilateral Landmine Row","Remo unilateral perpendicular en landmine","nivel_desconocido | sin_recurso_visual | sin_video_o_gif_compatible","https://wger.de/en/exercise/1580/view/"
"wger-1581","Trap press","Press de trapecio","nivel_desconocido | sin_video_o_gif_compatible","https://wger.de/en/exercise/1581/view/"
"wger-1582","Side-laying interior rotation","Rotación interna tumbado de lado","nivel_desconocido | sin_video_o_gif_compatible","https://wger.de/en/exercise/1582/view/"
"wger-1583","Supine press","","nombre_sin_espanol | pasos_sin_espanol | nivel_desconocido | sin_recurso_visual | sin_video_o_gif_compatible","https://wger.de/en/exercise/1583/view/"
"wger-1584","March or jog in place","Marcha o trote en el lugar","nivel_desconocido | sin_recurso_visual | sin_video_o_gif_compatible","https://wger.de/en/exercise/1584/view/"
"wger-1589","Leg and hip stretch","","nombre_sin_espanol | pasos_sin_espanol | nivel_desconocido | sin_recurso_visual | sin_video_o_gif_compatible","https://wger.de/en/exercise/1589/view/"
"wger-1590","Arm and neck stretch","Estiramiento de brazos y cuello","nivel_desconocido | sin_recurso_visual | sin_video_o_gif_compatible","https://wger.de/en/exercise/1590/view/"
"wger-1591","Deep breathing (standing or seated)","","nombre_sin_espanol | pasos_sin_espanol | nivel_desconocido | sin_recurso_visual | sin_video_o_gif_compatible","https://wger.de/en/exercise/1591/view/"
"wger-1592","Guided or free meditation","Meditación guiada o libre","nivel_desconocido | musculo_principal_desconocido | sin_recurso_visual | sin_video_o_gif_compatible","https://wger.de/en/exercise/1592/view/"
"wger-1593","Smith Machine Split Squat","Sentadilla split en máquina Smith","nivel_desconocido | sin_video_o_gif_compatible","https://wger.de/en/exercise/1593/view/"
"wger-1603","Leg curl with elastic","","nombre_sin_espanol | pasos_sin_espanol | nivel_desconocido | sin_recurso_visual | sin_video_o_gif_compatible","https://wger.de/en/exercise/1603/view/"
"wger-1604","Sliding Lateral Lunge","Zancada lateral deslizante","nivel_desconocido | sin_video_o_gif_compatible","https://wger.de/en/exercise/1604/view/"
"wger-1605","Copenhagen Adduction Exercise","Ejercicio de aducción Copenhagen","nivel_desconocido | sin_recurso_visual | sin_video_o_gif_compatible","https://wger.de/en/exercise/1605/view/"
"wger-1606","Arm Raises (T/Y/I)","Elevaciones de brazos (T/Y/I)","nivel_desconocido | sin_recurso_visual | sin_video_o_gif_compatible","https://wger.de/en/exercise/1606/view/"
"wger-1607","Typewriter Pull-ups","Dominadas typewriter","nivel_desconocido | sin_recurso_visual | sin_video_o_gif_compatible","https://wger.de/en/exercise/1607/view/"
"wger-1608","Bodyweight Biceps Curl","Curl de bíceps con el peso corporal","nivel_desconocido | sin_recurso_visual | sin_video_o_gif_compatible","https://wger.de/en/exercise/1608/view/"
"wger-1612","kettlebell sumo deadlift","Sentadilla con pesa rusa","nivel_desconocido | sin_video_o_gif_compatible","https://wger.de/en/exercise/1612/view/"
"wger-1613","rubber band glute kickback","Patada de glúteo con banda elástica","nivel_desconocido | sin_video_o_gif_compatible","https://wger.de/en/exercise/1613/view/"
"wger-1615","Treadmill Cardio","Cinta de correr","nivel_desconocido | musculo_principal_desconocido | sin_video_o_gif_compatible","https://wger.de/en/exercise/1615/view/"
"wger-1616","Dumbbell donkey kick","Patada de burro con mancuerna","nivel_desconocido | sin_video_o_gif_compatible","https://wger.de/en/exercise/1616/view/"
"wger-1618","Stationary bike cardio","Cardio en bicicleta estática","nivel_desconocido | musculo_principal_desconocido | sin_video_o_gif_compatible","https://wger.de/en/exercise/1618/view/"
"wger-1620","Seated Dumbbell Calf Raise","Elevación de gemelos sentado con mancuerna","nivel_desconocido | sin_video_o_gif_compatible","https://wger.de/en/exercise/1620/view/"
"wger-1621","Unilateral Cable row","Remo unilateral en polea","nivel_desconocido | sin_video_o_gif_compatible","https://wger.de/en/exercise/1621/view/"
"wger-1630","Blaze","Blaze","nivel_desconocido | sin_recurso_visual | sin_video_o_gif_compatible","https://wger.de/en/exercise/1630/view/"
"wger-1634","Rope Pullover/row","Pullover/remo con cuerda","nivel_desconocido | sin_video_o_gif_compatible","https://wger.de/en/exercise/1634/view/"
"wger-1635","Modified pulldown","","nombre_sin_espanol | pasos_sin_espanol | nivel_desconocido | sin_video_o_gif_compatible","https://wger.de/en/exercise/1635/view/"
"wger-1637","Single arm row","Remo a un brazo","nivel_desconocido | sin_video_o_gif_compatible","https://wger.de/en/exercise/1637/view/"
"wger-1638","Barbell Clean and press","Cargada y press con barra","nivel_desconocido | sin_video_o_gif_compatible","https://wger.de/en/exercise/1638/view/"
"wger-1639","Dumbbell Bent Over Face Pull","Face pull inclinado con mancuernas","nivel_desconocido | sin_video_o_gif_compatible","https://wger.de/en/exercise/1639/view/"
"wger-1640","Dumbbell Front Squat","Sentadilla frontal con mancuernas","nivel_desconocido | sin_video_o_gif_compatible","https://wger.de/en/exercise/1640/view/"
"wger-1642","Dumbbell Hip Thrust","Empuje de cadera con mancuerna","nivel_desconocido | sin_video_o_gif_compatible","https://wger.de/en/exercise/1642/view/"
"wger-1648","Weighted Crunch","Crunch con peso","nivel_desconocido | sin_video_o_gif_compatible","https://wger.de/en/exercise/1648/view/"
"wger-1652","Dumbbell Romanian Deadlift","Peso muerto rumano con mancuernas","nivel_desconocido | sin_video_o_gif_compatible","https://wger.de/en/exercise/1652/view/"
"wger-1653","Dumbbell Side Squat","Sentadilla lateral con mancuerna","nivel_desconocido | sin_video_o_gif_compatible","https://wger.de/en/exercise/1653/view/"
"wger-1654","Machine Lateral Raise","Elevación lateral en máquina","nivel_desconocido | equipo_sin_confirmar | sin_video_o_gif_compatible","https://wger.de/en/exercise/1654/view/"
"wger-1656","Cable Chest Press - Decline","Press de pecho en polea - declinado","nivel_desconocido | sin_recurso_visual | sin_video_o_gif_compatible","https://wger.de/en/exercise/1656/view/"
"wger-1657","Preacher Curl - Internally Rotated","Curl en banco Scott con rotación interna","nivel_desconocido | sin_recurso_visual | sin_video_o_gif_compatible","https://wger.de/en/exercise/1657/view/"
"wger-1658","Preacher Curl - Externally Rotated","Curl en banco Scott - rotación externa","nivel_desconocido | sin_recurso_visual | sin_video_o_gif_compatible","https://wger.de/en/exercise/1658/view/"
"wger-1659","Lat Pulldown - Cross Body Single Arm","Jalón al pecho a un brazo cruzado","nivel_desconocido | sin_recurso_visual | sin_video_o_gif_compatible","https://wger.de/en/exercise/1659/view/"
"wger-1660","Cable Chest Press - Incline","Press de pecho en polea inclinado","nivel_desconocido | sin_recurso_visual | sin_video_o_gif_compatible","https://wger.de/en/exercise/1660/view/"
"wger-1661","Cable Triceps Press","Press de tríceps en polea","nivel_desconocido | sin_recurso_visual | sin_video_o_gif_compatible","https://wger.de/en/exercise/1661/view/"
"wger-1662","Cable Tri Extension - Internal Rotation","Extensión de tríceps en polea con rotación interna","nivel_desconocido | sin_recurso_visual | sin_video_o_gif_compatible","https://wger.de/en/exercise/1662/view/"
"wger-1666","Curl  - With Shoulder Elevated","Curl con el hombro elevado","nivel_desconocido | sin_recurso_visual | sin_video_o_gif_compatible","https://wger.de/en/exercise/1666/view/"
"wger-1668","One Arm Overhead Cable Tricep Extension","Extensión de tríceps sobre la cabeza a una mano en polea","nivel_desconocido | sin_recurso_visual | sin_video_o_gif_compatible","https://wger.de/en/exercise/1668/view/"
"wger-1670","Leg Swings (Front–Back)","Balanceo de piernas (adelante y atrás)","nivel_desconocido | sin_recurso_visual | sin_video_o_gif_compatible","https://wger.de/en/exercise/1670/view/"
"wger-1672","Seated Hip Abduction","Abducción de cadera sentado","nivel_desconocido | sin_recurso_visual | sin_video_o_gif_compatible","https://wger.de/en/exercise/1672/view/"
"wger-1679","Wall Angels","Wall Angels","nivel_desconocido | sin_recurso_visual | sin_video_o_gif_compatible","https://wger.de/en/exercise/1679/view/"
"wger-1680","seated figure four","Estiramiento de cuatro sentado","nivel_desconocido | sin_recurso_visual | sin_video_o_gif_compatible","https://wger.de/en/exercise/1680/view/"
"wger-1684","Dumbbell Thruster","Thruster con mancuernas","nivel_desconocido | sin_recurso_visual | sin_video_o_gif_compatible","https://wger.de/en/exercise/1684/view/"
"wger-1686","Glute Bridge Single-Arm Press","Puente de glúteos con press a un brazo","nivel_desconocido | sin_recurso_visual | sin_video_o_gif_compatible","https://wger.de/en/exercise/1686/view/"
"wger-1687","Bear crawl pull through","Bear crawl pull through","nivel_desconocido | sin_recurso_visual | sin_video_o_gif_compatible","https://wger.de/en/exercise/1687/view/"
"wger-1688","Kickstand RDL","","nombre_sin_espanol | pasos_sin_espanol | nivel_desconocido | sin_recurso_visual | sin_video_o_gif_compatible","https://wger.de/en/exercise/1688/view/"
"wger-1689","Cable Fly Middle Chest","Aperturas en polea para el pecho medio","nivel_desconocido | sin_recurso_visual | sin_video_o_gif_compatible","https://wger.de/en/exercise/1689/view/"
"wger-1690","Cable Fly Upper Chest","Aperturas en polea para el pecho superior","nivel_desconocido | sin_recurso_visual | sin_video_o_gif_compatible","https://wger.de/en/exercise/1690/view/"
"wger-1691","Cable Fly Lower Chest","Aperturas en polea para el pecho inferior","nivel_desconocido | sin_recurso_visual | sin_video_o_gif_compatible","https://wger.de/en/exercise/1691/view/"
"wger-1693","Incline Static Hold","Sostenimiento estático en banco inclinado","nivel_desconocido | sin_recurso_visual | sin_video_o_gif_compatible","https://wger.de/en/exercise/1693/view/"
"wger-1694","Flat Machine Press","Press de pecho en máquina (plano)","nivel_desconocido | sin_recurso_visual | sin_video_o_gif_compatible","https://wger.de/en/exercise/1694/view/"
"wger-1695","Pull-Ups (Wide Grip)","Dominadas (agarre ancho)","nivel_desconocido | sin_recurso_visual | sin_video_o_gif_compatible","https://wger.de/en/exercise/1695/view/"
"wger-1696","Pull-Ups (Neutral Grip)","Dominadas (agarre neutro)","nivel_desconocido | sin_recurso_visual | sin_video_o_gif_compatible","https://wger.de/en/exercise/1696/view/"
"wger-1698","Barbell Row (Overhand)","Remo con barra (agarre prono)","nivel_desconocido | sin_recurso_visual | sin_video_o_gif_compatible","https://wger.de/en/exercise/1698/view/"
"wger-1699","Barbell Row (Underhand)","Remo con barra (agarre supino)","nivel_desconocido | sin_recurso_visual | sin_video_o_gif_compatible","https://wger.de/en/exercise/1699/view/"
"wger-1700","Barbell Romanian Deadlift (RDL)","Peso muerto rumano con barra (RDL)","nivel_desconocido | sin_recurso_visual | sin_video_o_gif_compatible","https://wger.de/en/exercise/1700/view/"
"wger-1701","One-Arm Heavy Row","Remo pesado a una mano","nivel_desconocido | sin_recurso_visual | sin_video_o_gif_compatible","https://wger.de/en/exercise/1701/view/"
"wger-1702","Jalón al pecho con agarre ancho","Jalón al pecho con agarre ancho","nivel_desconocido | sin_recurso_visual | sin_video_o_gif_compatible","https://wger.de/en/exercise/1702/view/"
"wger-1703","Patadas traseras","Patadas traseras","nivel_desconocido | sin_recurso_visual | sin_video_o_gif_compatible","https://wger.de/en/exercise/1703/view/"
"wger-1704","Tuck L-sit","L-sit agrupado","nivel_desconocido | sin_recurso_visual | sin_video_o_gif_compatible","https://wger.de/en/exercise/1704/view/"
"wger-1706","Bulgarian Squat with Dumbbells","Sentadilla búlgara con mancuernas","nivel_desconocido | sin_video_o_gif_compatible","https://wger.de/en/exercise/1706/view/"
"wger-1707","Elevación lateral polea","Elevacion lateral polea","nivel_desconocido | sin_recurso_visual | sin_video_o_gif_compatible","https://wger.de/en/exercise/1707/view/"
"wger-1709","Reverse Fly Standing","Pájaro de pie","nivel_desconocido | sin_recurso_visual | sin_video_o_gif_compatible","https://wger.de/en/exercise/1709/view/"
"wger-1710","Butchers Block Stretch","Estiramiento Butcher's Block","nivel_desconocido | sin_recurso_visual | sin_video_o_gif_compatible","https://wger.de/en/exercise/1710/view/"
"wger-1711","Sleeper Stretch","Sleeper Stretch","nivel_desconocido | sin_recurso_visual | sin_video_o_gif_compatible","https://wger.de/en/exercise/1711/view/"
"wger-1712","Horizontal Shoulder Flexion Stretch","Estiramiento de flexión horizontal del hombro","nivel_desconocido | sin_recurso_visual | sin_video_o_gif_compatible","https://wger.de/en/exercise/1712/view/"
"wger-1713","Doorway Pectoral Stretch","Estiramiento de pectoral en el marco de la puerta","nivel_desconocido | sin_recurso_visual | sin_video_o_gif_compatible","https://wger.de/en/exercise/1713/view/"
"wger-1714","Shoulder Dumbbell Pendular Exercise","Ejercicio pendular de hombro con mancuerna","nivel_desconocido | sin_recurso_visual | sin_video_o_gif_compatible","https://wger.de/en/exercise/1714/view/"
"wger-1715","Shoulder External Rotation with Dumbbell","Rotación externa de hombro con mancuerna","nivel_desconocido | sin_recurso_visual | sin_video_o_gif_compatible","https://wger.de/en/exercise/1715/view/"
"wger-1716","Incline Shoulder Press Up","Push-up escapular en banco inclinado","nivel_desconocido | sin_recurso_visual | sin_video_o_gif_compatible","https://wger.de/en/exercise/1716/view/"
"wger-1717","Neck extension","Codo unilateral polea alta","nivel_desconocido | sin_recurso_visual | sin_video_o_gif_compatible","https://wger.de/en/exercise/1717/view/"
"wger-1718","Remo alto polea alta","Remo alto desde polea","nivel_desconocido | sin_recurso_visual | sin_video_o_gif_compatible","https://wger.de/en/exercise/1718/view/"
"wger-1719","Jalon caballero unialteral","Jalón caballero unialteral","nivel_desconocido | sin_recurso_visual | sin_video_o_gif_compatible","https://wger.de/en/exercise/1719/view/"
"wger-1723","Glute Kickback (Machine)","","nombre_sin_espanol | pasos_sin_espanol | nivel_desconocido | sin_recurso_visual | sin_video_o_gif_compatible","https://wger.de/en/exercise/1723/view/"
"wger-1724","Standing Adduction (Cable)","Aducción de pie (polea)","nivel_desconocido | musculo_principal_desconocido | sin_recurso_visual | sin_video_o_gif_compatible","https://wger.de/en/exercise/1724/view/"
"wger-1725","Seated Row (Machine)","Remo sentado (máquina)","nivel_desconocido | sin_video_o_gif_compatible","https://wger.de/en/exercise/1725/view/"
"wger-1726","Straight-Arm Pulldown (Cable)","Jalón con brazos rectos (polea)","nivel_desconocido | sin_video_o_gif_compatible","https://wger.de/en/exercise/1726/view/"
"wger-1727","Side Straight-Arm Pulldown (Cable)","Jalón lateral con brazo recto (polea)","nivel_desconocido | sin_recurso_visual | sin_video_o_gif_compatible","https://wger.de/en/exercise/1727/view/"
"wger-1728","Shoulder Internal Rotation (Cable)","Rotación interna de hombro (polea)","nivel_desconocido | sin_recurso_visual | sin_video_o_gif_compatible","https://wger.de/en/exercise/1728/view/"
"wger-1729","Shoulder External Rotation (Cable)","Rotación externa de hombro (polea)","nivel_desconocido | sin_recurso_visual | sin_video_o_gif_compatible","https://wger.de/en/exercise/1729/view/"
"wger-1730","Side Lateral Raise (Cable)","","nombre_sin_espanol | pasos_sin_espanol | nivel_desconocido | sin_recurso_visual | sin_video_o_gif_compatible","https://wger.de/en/exercise/1730/view/"
"wger-1731","Front Raise (Cable)","","nombre_sin_espanol | pasos_sin_espanol | nivel_desconocido | sin_recurso_visual | sin_video_o_gif_compatible","https://wger.de/en/exercise/1731/view/"
"wger-1732","Face pulls with yellow/green band","Face pulls con banda amarilla/verde","nivel_desconocido | sin_video_o_gif_compatible","https://wger.de/en/exercise/1732/view/"
"wger-1733","Isometric Squat to Failure","Sentadilla isometrica al fallo","nivel_desconocido | sin_video_o_gif_compatible","https://wger.de/en/exercise/1733/view/"
"wger-1734","Single-Leg Lunge with Kettlebell:","Zancada con pesa rusa a una pierna","nivel_desconocido | sin_video_o_gif_compatible","https://wger.de/en/exercise/1734/view/"
"wger-1735","Single-leg side glute press","Gluteo en prensa de lado con una pierna","nivel_desconocido | sin_video_o_gif_compatible","https://wger.de/en/exercise/1735/view/"
"wger-1736","Single-Leg Deadlift with Dumbbell","Peso muerto a una pierna con mancuerna","nivel_desconocido | sin_video_o_gif_compatible","https://wger.de/en/exercise/1736/view/"
"wger-1737","Assisted chin-ups","","nombre_sin_espanol | pasos_sin_espanol | nivel_desconocido | sin_recurso_visual | sin_video_o_gif_compatible","https://wger.de/en/exercise/1737/view/"
"wger-1738","Neutral-grip pull-ups or TRX rows","Dominadas en agarre neutro o remo TRX","nivel_desconocido | sin_video_o_gif_compatible","https://wger.de/en/exercise/1738/view/"
"wger-1739","Shrimp Squad","","nombre_sin_espanol | pasos_sin_espanol | nivel_desconocido | sin_recurso_visual | sin_video_o_gif_compatible","https://wger.de/en/exercise/1739/view/"
"wger-1741","L-Sit Pull-ups","","nombre_sin_espanol | pasos_sin_espanol | nivel_desconocido | sin_recurso_visual | sin_video_o_gif_compatible","https://wger.de/en/exercise/1741/view/"
"wger-1742","Back Lever","","nombre_sin_espanol | pasos_sin_espanol | nivel_desconocido | musculo_principal_desconocido | sin_recurso_visual | sin_video_o_gif_compatible","https://wger.de/en/exercise/1742/view/"
"wger-1743","Windshield Wipers","Limpiaparabrisas","nivel_desconocido | sin_recurso_visual | sin_video_o_gif_compatible","https://wger.de/en/exercise/1743/view/"
"wger-1744","Machine Side Lateral Raises","Elevación lateral en maquina","nivel_desconocido | sin_video_o_gif_compatible","https://wger.de/en/exercise/1744/view/"
"wger-1745","Cable Front Raise with a small bar","Elevación frontal en polea con barra","nivel_desconocido | sin_video_o_gif_compatible","https://wger.de/en/exercise/1745/view/"
"wger-1748","Machine Hip Abduction","Abducción en máquina","nivel_desconocido | sin_video_o_gif_compatible","https://wger.de/en/exercise/1748/view/"
"wger-1751","Cable pull through","Cable pull through","nivel_desconocido | sin_recurso_visual | sin_video_o_gif_compatible","https://wger.de/en/exercise/1751/view/"
"wger-1752","Side lateral raise - Front (Cable)","","nombre_sin_espanol | pasos_sin_espanol | nivel_desconocido | sin_recurso_visual | sin_video_o_gif_compatible","https://wger.de/en/exercise/1752/view/"
"wger-1753","Side lateral raise - Back (Cable)","","nombre_sin_espanol | pasos_sin_espanol | nivel_desconocido | sin_recurso_visual | sin_video_o_gif_compatible","https://wger.de/en/exercise/1753/view/"
"wger-1754","45° lateral raises","","nombre_sin_espanol | pasos_sin_espanol | nivel_desconocido | musculo_principal_desconocido | sin_recurso_visual | sin_video_o_gif_compatible","https://wger.de/en/exercise/1754/view/"
"wger-1755","Shoulder Y-pull cable","","nombre_sin_espanol | pasos_sin_espanol | nivel_desconocido | musculo_principal_desconocido | sin_recurso_visual | sin_video_o_gif_compatible","https://wger.de/en/exercise/1755/view/"
"wger-1766","Plank Reach","Plancha con extensión de brazo","nivel_desconocido | sin_recurso_visual | sin_video_o_gif_compatible","https://wger.de/en/exercise/1766/view/"
"wger-1771","Wrist curl, cable","Curl de muñeca en polea","nivel_desconocido | musculo_principal_desconocido | sin_recurso_visual | sin_video_o_gif_compatible","https://wger.de/en/exercise/1771/view/"
"wger-1773","Legend Incline Bench Press","","nombre_sin_espanol | pasos_sin_espanol | nivel_desconocido | sin_recurso_visual | sin_video_o_gif_compatible","https://wger.de/en/exercise/1773/view/"
"wger-1774","Chair dips","Fondos en silla","nivel_desconocido | sin_recurso_visual | sin_video_o_gif_compatible","https://wger.de/en/exercise/1774/view/"
"wger-1775","Pec deck rear delt fly","Pájaro para deltoides posterior en máquina pec deck","nivel_desconocido | musculo_principal_desconocido | sin_recurso_visual | sin_video_o_gif_compatible","https://wger.de/en/exercise/1775/view/"
"wger-1776","Suitcase Carry","","nombre_sin_espanol | pasos_sin_espanol | nivel_desconocido | sin_recurso_visual | sin_video_o_gif_compatible","https://wger.de/en/exercise/1776/view/"
"wger-1777","Deficit Push ups","","nombre_sin_espanol | pasos_sin_espanol | nivel_desconocido | sin_recurso_visual | sin_video_o_gif_compatible","https://wger.de/en/exercise/1777/view/"
"wger-1778","Supino inclinado","","nombre_sin_espanol | pasos_sin_espanol | nivel_desconocido | sin_recurso_visual | sin_video_o_gif_compatible","https://wger.de/en/exercise/1778/view/"
"wger-1779","Landmine Rotation","Rotación con landmine","nivel_desconocido | sin_recurso_visual | sin_video_o_gif_compatible","https://wger.de/en/exercise/1779/view/"
"wger-1795","unilateral cross body cable pull down","Jalón cruzado unilateral en polea","nivel_desconocido | sin_recurso_visual | sin_video_o_gif_compatible","https://wger.de/en/exercise/1795/view/"
"wger-1803","Trap Bar Squat","Sentadilla con barra hexagonal","nivel_desconocido | sin_recurso_visual | sin_video_o_gif_compatible","https://wger.de/en/exercise/1803/view/"
"wger-1804","ankle dorsiflexion rocks","Dorsiflexión de tobillo","nivel_desconocido | sin_video_o_gif_compatible","https://wger.de/en/exercise/1804/view/"
"wger-1807","Behind the Back Cable Lateral Raise","Elevación lateral en polea por detrás de la espalda","nivel_desconocido | sin_recurso_visual | sin_video_o_gif_compatible","https://wger.de/en/exercise/1807/view/"
"wger-1808","Parallel Bar Hold","Sujeción en barras paralelas","nivel_desconocido | sin_recurso_visual | sin_video_o_gif_compatible","https://wger.de/en/exercise/1808/view/"
"wger-1810","Sphinx","Esfinge","nivel_desconocido | sin_recurso_visual | sin_video_o_gif_compatible","https://wger.de/en/exercise/1810/view/"
"wger-1822","Open Book","Libro abierto","nivel_desconocido | musculo_principal_desconocido | sin_recurso_visual | sin_video_o_gif_compatible","https://wger.de/en/exercise/1822/view/"
"wger-1823","Clamshell","Almeja (clamshell)","nivel_desconocido | sin_recurso_visual | sin_video_o_gif_compatible","https://wger.de/en/exercise/1823/view/"
"wger-1824","Dumbell Tate Press","Tate press con mancuernas","nivel_desconocido | sin_recurso_visual | sin_video_o_gif_compatible","https://wger.de/en/exercise/1824/view/"
"wger-1825","Chest-Supported Rear Delt Raise","Elevación posterior de hombro con apoyo en el pecho","nivel_desconocido | sin_recurso_visual | sin_video_o_gif_compatible","https://wger.de/en/exercise/1825/view/"
"wger-1826","Band pull-apart with external rotation","Apertura con banda y rotación externa","nivel_desconocido | sin_recurso_visual | sin_video_o_gif_compatible","https://wger.de/en/exercise/1826/view/"
"wger-1827","Double-Leg Abdominal Press","Presión abdominal con ambas piernas","nivel_desconocido | equipo_sin_confirmar | sin_recurso_visual | sin_video_o_gif_compatible","https://wger.de/en/exercise/1827/view/"
"wger-1828","Abdominal Draw-In","Activación del transverso abdominal","nivel_desconocido | sin_recurso_visual | sin_video_o_gif_compatible","https://wger.de/en/exercise/1828/view/"
"wger-1829","Landmine Squat to Press","Sentadilla con barra landmine y press","nivel_desconocido | sin_recurso_visual | sin_video_o_gif_compatible","https://wger.de/en/exercise/1829/view/"
"wger-1830","Barbell Step Back Lunge","Zancada hacia atrás con barra","nivel_desconocido | sin_video_o_gif_compatible","https://wger.de/en/exercise/1830/view/"
"wger-1831","Hammerstrength Decline Chest Press","Press de pecho declinado en Hammer Strength","nivel_desconocido | sin_video_o_gif_compatible","https://wger.de/en/exercise/1831/view/"
"wger-1832","Ring Support Hold","Mantenimiento en apoyo en anillas","nivel_desconocido | musculo_principal_desconocido | sin_recurso_visual | sin_video_o_gif_compatible","https://wger.de/en/exercise/1832/view/"
"wger-1833","Floor Glider Hamstring Curls","Curl de isquiotibiales en el suelo con discos deslizantes","nivel_desconocido | sin_recurso_visual | sin_video_o_gif_compatible","https://wger.de/en/exercise/1833/view/"
"wger-1834","Trap-3 Raise","Elevación Trap-3","nivel_desconocido | sin_recurso_visual | sin_video_o_gif_compatible","https://wger.de/en/exercise/1834/view/"
"wger-1835","External Rotation Stretch","Estiramiento con rotación externa","nivel_desconocido | sin_video_o_gif_compatible","https://wger.de/en/exercise/1835/view/"
"wger-1838","Banded Shoulder Drills","Ejercicios de hombro con banda","nivel_desconocido | sin_recurso_visual | sin_video_o_gif_compatible","https://wger.de/en/exercise/1838/view/"
"wger-1839","Solo Hip Flexor Stretch","","nombre_sin_espanol | pasos_sin_espanol | nivel_desconocido | musculo_principal_desconocido | sin_recurso_visual | sin_video_o_gif_compatible","https://wger.de/en/exercise/1839/view/"
"wger-1840","Bent-Leg Hamstring Stretch","","nombre_sin_espanol | pasos_sin_espanol | nivel_desconocido | musculo_principal_desconocido | sin_recurso_visual | sin_video_o_gif_compatible","https://wger.de/en/exercise/1840/view/"
"wger-1841","Seated Shoulder Extension Stretch","Estiramiento de extensión de hombro sentado","nivel_desconocido | sin_recurso_visual | sin_video_o_gif_compatible","https://wger.de/en/exercise/1841/view/"
"wger-1842","Banded Clamshell","Almeja con banda","nivel_desconocido | sin_recurso_visual | sin_video_o_gif_compatible","https://wger.de/en/exercise/1842/view/"
"wger-1843","Butterfly Stretch","Estiramiento de mariposa","nivel_desconocido | musculo_principal_desconocido | sin_recurso_visual | sin_video_o_gif_compatible","https://wger.de/en/exercise/1843/view/"
"wger-1844","Frog Stretch","Estiramiento de rana","nivel_desconocido | sin_recurso_visual | sin_video_o_gif_compatible","https://wger.de/en/exercise/1844/view/"
"wger-1845","Seated Pancake Good Morning","Buenos días sentado con apertura (pancake)","nivel_desconocido | sin_recurso_visual | sin_video_o_gif_compatible","https://wger.de/en/exercise/1845/view/"
"wger-1846","Horse Stance (Side Splits)","Postura del jinete (split lateral)","nivel_desconocido | sin_recurso_visual | sin_video_o_gif_compatible","https://wger.de/en/exercise/1846/view/"
"wger-1847","Straddle L-Sit","L-Sit en straddle","nivel_desconocido | sin_recurso_visual | sin_video_o_gif_compatible","https://wger.de/en/exercise/1847/view/"
"wger-1852","L-sit","L-Sit","nivel_desconocido | sin_recurso_visual | sin_video_o_gif_compatible","https://wger.de/en/exercise/1852/view/"
"wger-1853","L-Sit (Foot Supported)","","nombre_sin_espanol | pasos_sin_espanol | nivel_desconocido | sin_recurso_visual | sin_video_o_gif_compatible","https://wger.de/en/exercise/1853/view/"
"wger-1854","Calves foam roller","Foam Roller Gemelos","nivel_desconocido | sin_video_o_gif_compatible","https://wger.de/en/exercise/1854/view/"
"wger-1855","Hamstring Foam roller","Foam Roller isquitobiales","nivel_desconocido | musculo_principal_desconocido | sin_video_o_gif_compatible","https://wger.de/en/exercise/1855/view/"
"wger-1856","Foam Roller Anterior tibialis","Foam Roller Tibial anterior","nivel_desconocido | musculo_principal_desconocido | sin_video_o_gif_compatible","https://wger.de/en/exercise/1856/view/"
"wger-1857","Foam Roller Iliotibial band","Foam Roller Cintillar iliotibial","nivel_desconocido | sin_video_o_gif_compatible","https://wger.de/en/exercise/1857/view/"
"wger-1858","Foam Roller quadriceps","Foam Roller cuadriceps","nivel_desconocido | sin_video_o_gif_compatible","https://wger.de/en/exercise/1858/view/"
"wger-1859","Foam Roller Gluteus","Foam roller Gluteo","nivel_desconocido | sin_video_o_gif_compatible","https://wger.de/en/exercise/1859/view/"
"wger-1860","Foam Roller Adductors","Foam Roller Aductores","nivel_desconocido | musculo_principal_desconocido | sin_video_o_gif_compatible","https://wger.de/en/exercise/1860/view/"
"wger-1861","Side stretch","","nombre_sin_espanol | pasos_sin_espanol | nivel_desconocido | musculo_principal_desconocido | sin_video_o_gif_compatible","https://wger.de/en/exercise/1861/view/"
"wger-1862","Hip Circles","","nombre_sin_espanol | pasos_sin_espanol | nivel_desconocido | musculo_principal_desconocido | sin_video_o_gif_compatible","https://wger.de/en/exercise/1862/view/"
"wger-1863","Hip Crossover","","nombre_sin_espanol | pasos_sin_espanol | nivel_desconocido | musculo_principal_desconocido | sin_video_o_gif_compatible","https://wger.de/en/exercise/1863/view/"
"wger-1864","Ankle Roll","","nombre_sin_espanol | pasos_sin_espanol | nivel_desconocido | musculo_principal_desconocido | sin_video_o_gif_compatible","https://wger.de/en/exercise/1864/view/"
"wger-1865","Banded Ankle Mobility","","nombre_sin_espanol | pasos_sin_espanol | nivel_desconocido | musculo_principal_desconocido | sin_video_o_gif_compatible","https://wger.de/en/exercise/1865/view/"
"wger-1867","Hip Flexor Stretch","","nombre_sin_espanol | pasos_sin_espanol | nivel_desconocido | musculo_principal_desconocido | sin_video_o_gif_compatible","https://wger.de/en/exercise/1867/view/"
"wger-1868","Lunge with Twist Stretch","","nombre_sin_espanol | pasos_sin_espanol | nivel_desconocido | musculo_principal_desconocido | sin_video_o_gif_compatible","https://wger.de/en/exercise/1868/view/"
"wger-1869","Lying Figure Four Stretch","","nombre_sin_espanol | pasos_sin_espanol | nivel_desconocido | musculo_principal_desconocido | sin_video_o_gif_compatible","https://wger.de/en/exercise/1869/view/"
"wger-1870","Lying Hamstring Stretch with Band","","nombre_sin_espanol | pasos_sin_espanol | nivel_desconocido | musculo_principal_desconocido | sin_video_o_gif_compatible","https://wger.de/en/exercise/1870/view/"
"wger-1872","Pigeon Stretch","","nombre_sin_espanol | pasos_sin_espanol | nivel_desconocido | musculo_principal_desconocido | sin_video_o_gif_compatible","https://wger.de/en/exercise/1872/view/"
"wger-1874","Runners Lunge Stretch","","nombre_sin_espanol | pasos_sin_espanol | nivel_desconocido | musculo_principal_desconocido | sin_video_o_gif_compatible","https://wger.de/en/exercise/1874/view/"
"wger-1875","Standing IT Band Stretch","","nombre_sin_espanol | pasos_sin_espanol | nivel_desconocido | musculo_principal_desconocido | sin_video_o_gif_compatible","https://wger.de/en/exercise/1875/view/"
"wger-1876","Supported Calf Stretch","","nombre_sin_espanol | pasos_sin_espanol | nivel_desconocido | musculo_principal_desconocido | sin_video_o_gif_compatible","https://wger.de/en/exercise/1876/view/"
"wger-1877","Banded Scapular Retraction","Retracción escapular con banda","nivel_desconocido | sin_recurso_visual | sin_video_o_gif_compatible","https://wger.de/en/exercise/1877/view/"
"wger-1879","Incline DB Y-Raise","Elevación en Y con mancuernas en banco inclinado","nivel_desconocido | sin_recurso_visual | sin_video_o_gif_compatible","https://wger.de/en/exercise/1879/view/"
"wger-1881","DB Wrist Extension","Extensión de muñeca con mancuernas","nivel_desconocido | musculo_principal_desconocido | sin_recurso_visual | sin_video_o_gif_compatible","https://wger.de/en/exercise/1881/view/"
"wger-1882","High-Cable Lateral Raise","Elevación lateral en polea alta","nivel_desconocido | sin_recurso_visual | sin_video_o_gif_compatible","https://wger.de/en/exercise/1882/view/"
"wger-1884","Shinbox IR Stretch","Estiramiento de rotación interna en shinbox","nivel_desconocido | sin_recurso_visual | sin_video_o_gif_compatible","https://wger.de/en/exercise/1884/view/"
"wger-1885","YTWL Exercise","Ejercicio YTWL","nivel_desconocido | sin_recurso_visual | sin_video_o_gif_compatible","https://wger.de/en/exercise/1885/view/"
"wger-1886","Supine Hip Abduction","Abducción de cadera en supino","nivel_desconocido | sin_recurso_visual | sin_video_o_gif_compatible","https://wger.de/en/exercise/1886/view/"
"wger-1889","Decline Bench Leg Raise","Elevación de piernas en banco declinado","nivel_desconocido | sin_video_o_gif_compatible","https://wger.de/en/exercise/1889/view/"
"wger-1893","Overhead Barbell Press","Press de barra por encima de la cabeza","nivel_desconocido | sin_video_o_gif_compatible","https://wger.de/en/exercise/1893/view/"
"wger-1900","Tricep Rope Pushdowns","Extensiones de tríceps con cuerda en polea","nivel_desconocido | sin_video_o_gif_compatible","https://wger.de/en/exercise/1900/view/"
"wger-1902","Weighted push-ups","Flexiones con peso","nivel_desconocido | sin_video_o_gif_compatible","https://wger.de/en/exercise/1902/view/"
"wger-1904","Pec Deck","","nombre_sin_espanol | pasos_sin_espanol | nivel_desconocido | sin_recurso_visual | sin_video_o_gif_compatible","https://wger.de/en/exercise/1904/view/"
"wger-1905","Pullback","Pullback","nivel_desconocido | sin_recurso_visual | sin_video_o_gif_compatible","https://wger.de/en/exercise/1905/view/"
"wger-1906","Hip Bridge","Puente de cadera","nivel_desconocido | sin_recurso_visual | sin_video_o_gif_compatible","https://wger.de/en/exercise/1906/view/"
"wger-1907","Unilateral Lunges","","nombre_sin_espanol | pasos_sin_espanol | nivel_desconocido | sin_recurso_visual | sin_video_o_gif_compatible","https://wger.de/en/exercise/1907/view/"
"wger-1908","Butterfly Superman","","nombre_sin_espanol | pasos_sin_espanol | nivel_desconocido | sin_recurso_visual | sin_video_o_gif_compatible","https://wger.de/en/exercise/1908/view/"
"wger-1909","Leg Wheel","Círculos con las piernas","nivel_desconocido | sin_recurso_visual | sin_video_o_gif_compatible","https://wger.de/en/exercise/1909/view/"
"wger-1910","Kneeling Superman","Superman de rodillas","nivel_desconocido | sin_recurso_visual | sin_video_o_gif_compatible","https://wger.de/en/exercise/1910/view/"
"wger-1911","Cat Plank","Plancha del gato","nivel_desconocido | sin_recurso_visual | sin_video_o_gif_compatible","https://wger.de/en/exercise/1911/view/"
"wger-1912","Core Rotation","Rotación de core","nivel_desconocido | sin_recurso_visual | sin_video_o_gif_compatible","https://wger.de/en/exercise/1912/view/"
"wger-1913","Unilateral Hip Thrust","","nombre_sin_espanol | pasos_sin_espanol | nivel_desconocido | sin_recurso_visual | sin_video_o_gif_compatible","https://wger.de/en/exercise/1913/view/"
"wger-1914","Isometria alle parallele","Isometría en las paralelas","nivel_desconocido | sin_recurso_visual | sin_video_o_gif_compatible","https://wger.de/en/exercise/1914/view/"
"wger-1915","Quadruped Hip Abduction","Abducción de cadera en cuadrupedia","nivel_desconocido | musculo_principal_desconocido | sin_recurso_visual | sin_video_o_gif_compatible","https://wger.de/en/exercise/1915/view/"
"wger-1916","Tuck planche","","nombre_sin_espanol | pasos_sin_espanol | nivel_desconocido | sin_video_o_gif_compatible","https://wger.de/en/exercise/1916/view/"
"wger-1918","Legend Chest Press","","nombre_sin_espanol | pasos_sin_espanol | nivel_desconocido | sin_recurso_visual | sin_video_o_gif_compatible","https://wger.de/en/exercise/1918/view/"
"wger-1919","Extreme Pec Stretch","","nombre_sin_espanol | pasos_sin_espanol | nivel_desconocido | musculo_principal_desconocido | sin_recurso_visual | sin_video_o_gif_compatible","https://wger.de/en/exercise/1919/view/"
"wger-1920","Extreme Shoulder Stretch","","nombre_sin_espanol | pasos_sin_espanol | nivel_desconocido | musculo_principal_desconocido | sin_recurso_visual | sin_video_o_gif_compatible","https://wger.de/en/exercise/1920/view/"
"wger-1921","Extreme Lat Stretch","","nombre_sin_espanol | pasos_sin_espanol | nivel_desconocido | musculo_principal_desconocido | sin_recurso_visual | sin_video_o_gif_compatible","https://wger.de/en/exercise/1921/view/"
"wger-1922","Seated Cable chest fly","Aperturas de pecho en polea sentado","nivel_desconocido | sin_video_o_gif_compatible","https://wger.de/en/exercise/1922/view/"
"wger-1924","3008 Abdominal Crunch","","nombre_sin_espanol | pasos_sin_espanol | nivel_desconocido | sin_recurso_visual | sin_video_o_gif_compatible","https://wger.de/en/exercise/1924/view/"
"wger-1925","Barbell Silverback Shrug","Encogimiento Silverback con barra","nivel_desconocido | sin_recurso_visual | sin_video_o_gif_compatible","https://wger.de/en/exercise/1925/view/"
"wger-1927","Inverted Lat Pull Down","Jalón al pecho con agarre supino","nivel_desconocido | sin_recurso_visual | sin_video_o_gif_compatible","https://wger.de/en/exercise/1927/view/"
"wger-1928","Seated V-Grip Row","Remo sentado con agarre en V","nivel_desconocido | sin_recurso_visual | sin_video_o_gif_compatible","https://wger.de/en/exercise/1928/view/"
"wger-1929","Assisted Pull-Up","Dominada asistida","nivel_desconocido | sin_recurso_visual | sin_video_o_gif_compatible","https://wger.de/en/exercise/1929/view/"
"wger-1931","Dumbbell Curl","Curl con mancuerna","nivel_desconocido | sin_recurso_visual | sin_video_o_gif_compatible","https://wger.de/en/exercise/1931/view/"
"wger-1933","Abdominal Crunch","Crunch abdominal","nivel_desconocido | equipo_sin_confirmar | sin_recurso_visual | sin_video_o_gif_compatible","https://wger.de/en/exercise/1933/view/"
"wger-1935","Belt Squat","Sentadilla con cinturón","nivel_desconocido | sin_recurso_visual | sin_video_o_gif_compatible","https://wger.de/en/exercise/1935/view/"
"wger-1936","Cable Rear-Delt Fly (single arm)","Aperturas para deltoides posterior en polea (un brazo)","nivel_desconocido | musculo_principal_desconocido | sin_recurso_visual | sin_video_o_gif_compatible","https://wger.de/en/exercise/1936/view/"
"wger-1938","Cat-Cow","","nombre_sin_espanol | pasos_sin_espanol | nivel_desconocido | musculo_principal_desconocido | sin_recurso_visual | sin_video_o_gif_compatible","https://wger.de/en/exercise/1938/view/"
"wger-1939","Neck CARs","","nombre_sin_espanol | pasos_sin_espanol | nivel_desconocido | musculo_principal_desconocido | sin_recurso_visual | sin_video_o_gif_compatible","https://wger.de/en/exercise/1939/view/"
"wger-1940","Diaphragmatic Breathing","","nombre_sin_espanol | pasos_sin_espanol | nivel_desconocido | musculo_principal_desconocido | sin_recurso_visual | sin_video_o_gif_compatible","https://wger.de/en/exercise/1940/view/"
"wger-1947","dumbbell snatch","Arrancada con mancuerna (dumbbell snatch)","nivel_desconocido | sin_video_o_gif_compatible","https://wger.de/en/exercise/1947/view/"
"wger-1948","1 Leg Box Squat","Sentadilla a cajón a una pierna","nivel_desconocido | sin_recurso_visual | sin_video_o_gif_compatible","https://wger.de/en/exercise/1948/view/"
"wger-1949","Limber 11","Limber 11","nivel_desconocido | musculo_principal_desconocido | sin_recurso_visual | sin_video_o_gif_compatible","https://wger.de/en/exercise/1949/view/"
"wger-1950","Foam Roll IT Band","","nombre_sin_espanol | pasos_sin_espanol | nivel_desconocido | musculo_principal_desconocido | sin_recurso_visual | sin_video_o_gif_compatible","https://wger.de/en/exercise/1950/view/"
"wger-1952","SMR Glutes (lax ball)","","nombre_sin_espanol | pasos_sin_espanol | nivel_desconocido | musculo_principal_desconocido | sin_recurso_visual | sin_video_o_gif_compatible","https://wger.de/en/exercise/1952/view/"
"wger-1953","Bent-knee Iron Cross","","nombre_sin_espanol | pasos_sin_espanol | nivel_desconocido | musculo_principal_desconocido | sin_recurso_visual | sin_video_o_gif_compatible","https://wger.de/en/exercise/1953/view/"
"wger-1954","Roll-overs into V-sits","","nombre_sin_espanol | pasos_sin_espanol | nivel_desconocido | musculo_principal_desconocido | sin_recurso_visual | sin_video_o_gif_compatible","https://wger.de/en/exercise/1954/view/"
"wger-1956","Fire Hydrant Circles","","nombre_sin_espanol | pasos_sin_espanol | nivel_desconocido | musculo_principal_desconocido | sin_recurso_visual | sin_video_o_gif_compatible","https://wger.de/en/exercise/1956/view/"
"wger-1959","Seated Piriformis Stretch","Estiramiento del piriforme sentado","nivel_desconocido | musculo_principal_desconocido | sin_recurso_visual | sin_video_o_gif_compatible","https://wger.de/en/exercise/1959/view/"
"wger-1960","Rear-foot-elevated Hip Flexor Stretch","Estiramiento del flexor de cadera con pie trasero elevado","nivel_desconocido | musculo_principal_desconocido | sin_recurso_visual | sin_video_o_gif_compatible","https://wger.de/en/exercise/1960/view/"
"wger-1962","Step Jack","Step Jack","nivel_desconocido | sin_recurso_visual | sin_video_o_gif_compatible","https://wger.de/en/exercise/1962/view/"
"wger-1963","Slow Squat","Sentadilla lenta","nivel_desconocido | sin_recurso_visual | sin_video_o_gif_compatible","https://wger.de/en/exercise/1963/view/"
"wger-1964","Wide Push-Up","Flexión con manos abiertas","nivel_desconocido | sin_recurso_visual | sin_video_o_gif_compatible","https://wger.de/en/exercise/1964/view/"
"wger-1965","Marching High Knees","Marcha con rodillas altas","nivel_desconocido | sin_recurso_visual | sin_video_o_gif_compatible","https://wger.de/en/exercise/1965/view/"
"wger-1966","1/2 Kneeling Thoracic Rotation","Rotación torácica en media rodilla","nivel_desconocido | musculo_principal_desconocido | sin_recurso_visual | sin_video_o_gif_compatible","https://wger.de/en/exercise/1966/view/"
"wger-1967","lento avanti seduto","","nombre_sin_espanol | pasos_sin_espanol | nivel_desconocido | sin_recurso_visual | sin_video_o_gif_compatible","https://wger.de/en/exercise/1967/view/"
"wger-1968","Single-arm dumbbell shoulder press","Press de hombro con mancuerna a un brazo","nivel_desconocido | sin_recurso_visual | sin_video_o_gif_compatible","https://wger.de/en/exercise/1968/view/"
"wger-1969","Single-arm cable pushdown","Extensión de tríceps en polea a un brazo","nivel_desconocido | sin_recurso_visual | sin_video_o_gif_compatible","https://wger.de/en/exercise/1969/view/"
"wger-1971","Mentzer Pulldown","Jalón Mentzer","nivel_desconocido | sin_video_o_gif_compatible","https://wger.de/en/exercise/1971/view/"
"wger-1972","Single-Arm Lat Pulldown","Jalón al pecho a un brazo","nivel_desconocido | sin_recurso_visual | sin_video_o_gif_compatible","https://wger.de/en/exercise/1972/view/"
"wger-2447","Hip Airplane","Hip airplane","nivel_desconocido | sin_recurso_visual | sin_video_o_gif_compatible","https://wger.de/en/exercise/2447/view/"
"wger-2448","Reverse Clamshell","Almeja inversa","nivel_desconocido | sin_recurso_visual | sin_video_o_gif_compatible","https://wger.de/en/exercise/2448/view/"
"wger-2449","Clamshell to Reverse Clamshell","Almeja a almeja inversa","nivel_desconocido | sin_recurso_visual | sin_video_o_gif_compatible","https://wger.de/en/exercise/2449/view/"
"wger-2452","Curl De Muñeca Con Barra","Curl De Muñeca Con Barra","nivel_desconocido | musculo_principal_desconocido | sin_recurso_visual | sin_video_o_gif_compatible","https://wger.de/en/exercise/2452/view/"
"wger-2454","YTW Raises","","nombre_sin_espanol | pasos_sin_espanol | nivel_desconocido | sin_recurso_visual | sin_video_o_gif_compatible","https://wger.de/en/exercise/2454/view/"
"wger-2480","Easy Continuous Swim (Freestyle)","","nombre_sin_espanol | pasos_sin_espanol | nivel_desconocido | sin_recurso_visual | sin_video_o_gif_compatible","https://wger.de/en/exercise/2480/view/"
"wger-2481","Kick with Board","","nombre_sin_espanol | pasos_sin_espanol | nivel_desconocido | sin_recurso_visual | sin_video_o_gif_compatible","https://wger.de/en/exercise/2481/view/"
"wger-2482","Bobbing Exhale Drill","","nombre_sin_espanol | pasos_sin_espanol | nivel_desconocido | sin_recurso_visual | sin_video_o_gif_compatible","https://wger.de/en/exercise/2482/view/"
"wger-2483","Wall-Hold Rotation","","nombre_sin_espanol | pasos_sin_espanol | nivel_desconocido | sin_recurso_visual | sin_video_o_gif_compatible","https://wger.de/en/exercise/2483/view/"
"wger-2484","Side-Kick Breathing (Kickboard)","","nombre_sin_espanol | pasos_sin_espanol | nivel_desconocido | sin_recurso_visual | sin_video_o_gif_compatible","https://wger.de/en/exercise/2484/view/"
"wger-2485","Stroke-and-Roll Drill","","nombre_sin_espanol | pasos_sin_espanol | nivel_desconocido | sin_recurso_visual | sin_video_o_gif_compatible","https://wger.de/en/exercise/2485/view/"
"wger-2486","Recovery Bobbing","","nombre_sin_espanol | pasos_sin_espanol | nivel_desconocido | sin_recurso_visual | sin_video_o_gif_compatible","https://wger.de/en/exercise/2486/view/"
"wger-2487","Cool-Down Swim","","nombre_sin_espanol | pasos_sin_espanol | nivel_desconocido | sin_recurso_visual | sin_video_o_gif_compatible","https://wger.de/en/exercise/2487/view/"
"wger-2488","Posterior Pelvic Tilt","","nombre_sin_espanol | pasos_sin_espanol | nivel_desconocido | sin_recurso_visual | sin_video_o_gif_compatible","https://wger.de/en/exercise/2488/view/"
"wger-2494","Band Terminal Knee extension","","nombre_sin_espanol | pasos_sin_espanol | nivel_desconocido | sin_video_o_gif_compatible","https://wger.de/en/exercise/2494/view/"
"wger-2523","Serratus Wall Slide Stretch","","nombre_sin_espanol | pasos_sin_espanol | nivel_desconocido | musculo_principal_desconocido | sin_recurso_visual | sin_video_o_gif_compatible","https://wger.de/en/exercise/2523/view/"
"wger-2525","Couch Stretch","","nombre_sin_espanol | pasos_sin_espanol | nivel_desconocido | musculo_principal_desconocido | sin_recurso_visual | sin_video_o_gif_compatible","https://wger.de/en/exercise/2525/view/"
"wger-2526","Long Lunge Pulse Stretch","","nombre_sin_espanol | pasos_sin_espanol | nivel_desconocido | musculo_principal_desconocido | sin_recurso_visual | sin_video_o_gif_compatible","https://wger.de/en/exercise/2526/view/"
"wger-2527","Front Split Stretch","","nombre_sin_espanol | pasos_sin_espanol | nivel_desconocido | equipo_sin_confirmar | sin_recurso_visual | sin_video_o_gif_compatible","https://wger.de/en/exercise/2527/view/"
"wger-2528","Squat Sky Reach Stretch","","nombre_sin_espanol | pasos_sin_espanol | nivel_desconocido | sin_recurso_visual | sin_video_o_gif_compatible","https://wger.de/en/exercise/2528/view/"
"wger-2529","explosive push ups","","nombre_sin_espanol | pasos_sin_espanol | nivel_desconocido | sin_video_o_gif_compatible","https://wger.de/en/exercise/2529/view/"
"wger-2530","Russian Push Ups","","nombre_sin_espanol | pasos_sin_espanol | nivel_desconocido | sin_video_o_gif_compatible","https://wger.de/en/exercise/2530/view/"
"wger-2531","elbow lever","","nombre_sin_espanol | pasos_sin_espanol | nivel_desconocido | sin_recurso_visual | sin_video_o_gif_compatible","https://wger.de/en/exercise/2531/view/"
"wger-2532","Planche Lean Hold","","nombre_sin_espanol | pasos_sin_espanol | nivel_desconocido | sin_recurso_visual | sin_video_o_gif_compatible","https://wger.de/en/exercise/2532/view/"
"wger-2533","Arch Hang","","nombre_sin_espanol | pasos_sin_espanol | nivel_desconocido | musculo_principal_desconocido | sin_recurso_visual | sin_video_o_gif_compatible","https://wger.de/en/exercise/2533/view/"
"wger-2535","Leg Extension Isometric","","nombre_sin_espanol | pasos_sin_espanol | nivel_desconocido | sin_recurso_visual | sin_video_o_gif_compatible","https://wger.de/en/exercise/2535/view/"
"wger-2536","Bench Press Isometric","","nombre_sin_espanol | pasos_sin_espanol | nivel_desconocido | sin_recurso_visual | sin_video_o_gif_compatible","https://wger.de/en/exercise/2536/view/"
"wger-2537","Overhead Press Isometric","","nombre_sin_espanol | pasos_sin_espanol | nivel_desconocido | sin_recurso_visual | sin_video_o_gif_compatible","https://wger.de/en/exercise/2537/view/"
"wger-2538","Lateral Raise Isometric","","nombre_sin_espanol | pasos_sin_espanol | nivel_desconocido | sin_recurso_visual | sin_video_o_gif_compatible","https://wger.de/en/exercise/2538/view/"
"wger-2539","Preacher Curl Isometric","","nombre_sin_espanol | pasos_sin_espanol | nivel_desconocido | sin_recurso_visual | sin_video_o_gif_compatible","https://wger.de/en/exercise/2539/view/"
"wger-2540","Lat Pulldown Isometric","","nombre_sin_espanol | pasos_sin_espanol | nivel_desconocido | sin_recurso_visual | sin_video_o_gif_compatible","https://wger.de/en/exercise/2540/view/"
"wger-2541","Triceps Pushdown Isometric","","nombre_sin_espanol | pasos_sin_espanol | nivel_desconocido | sin_recurso_visual | sin_video_o_gif_compatible","https://wger.de/en/exercise/2541/view/"
"wger-2542","Boxing","","nombre_sin_espanol | pasos_sin_espanol | nivel_desconocido | sin_recurso_visual | sin_video_o_gif_compatible","https://wger.de/en/exercise/2542/view/"
"wger-2549","Retro Treadmill Walking","","nombre_sin_espanol | pasos_sin_espanol | nivel_desconocido | musculo_principal_desconocido | sin_recurso_visual | sin_video_o_gif_compatible","https://wger.de/en/exercise/2549/view/"
"wger-2555","Kegel Exercise","","nombre_sin_espanol | pasos_sin_espanol | nivel_desconocido | musculo_principal_desconocido | sin_recurso_visual | sin_video_o_gif_compatible","https://wger.de/en/exercise/2555/view/"
"wger-2557","Supported Split Squat","","nombre_sin_espanol | pasos_sin_espanol | nivel_desconocido | sin_recurso_visual | sin_video_o_gif_compatible","https://wger.de/en/exercise/2557/view/"
"wger-2564","90/90 Breathing","","nombre_sin_espanol | pasos_sin_espanol | nivel_desconocido | musculo_principal_desconocido | sin_recurso_visual | sin_video_o_gif_compatible","https://wger.de/en/exercise/2564/view/"
"wger-2613","90/90 Hip Switches","","nombre_sin_espanol | pasos_sin_espanol | nivel_desconocido | sin_recurso_visual | sin_video_o_gif_compatible","https://wger.de/en/exercise/2613/view/"
"wger-2614","Adductor Rock Backs","","nombre_sin_espanol | pasos_sin_espanol | nivel_desconocido | musculo_principal_desconocido | sin_recurso_visual | sin_video_o_gif_compatible","https://wger.de/en/exercise/2614/view/"
"wger-2615","Elevated Hamstring Stretch","","nombre_sin_espanol | pasos_sin_espanol | nivel_desconocido | sin_recurso_visual | sin_video_o_gif_compatible","https://wger.de/en/exercise/2615/view/"
"wger-2616","Single-leg BOSU balance","","nombre_sin_espanol | pasos_sin_espanol | nivel_desconocido | musculo_principal_desconocido | sin_recurso_visual | sin_video_o_gif_compatible","https://wger.de/en/exercise/2616/view/"
"wger-2617","Quad Sets","","nombre_sin_espanol | pasos_sin_espanol | nivel_desconocido | musculo_principal_desconocido | equipo_sin_confirmar | sin_recurso_visual | sin_video_o_gif_compatible","https://wger.de/en/exercise/2617/view/"
"wger-2618","Hip-Out and Hip-In Lateral Steps","","nombre_sin_espanol | pasos_sin_espanol | nivel_desconocido | musculo_principal_desconocido | sin_video_o_gif_compatible","https://wger.de/en/exercise/2618/view/"
"wger-2619","Single-Leg Soft-Landing Holds","","nombre_sin_espanol | pasos_sin_espanol | nivel_desconocido | musculo_principal_desconocido | sin_video_o_gif_compatible","https://wger.de/en/exercise/2619/view/"
"wger-2620","Reverse V-Squat","","nombre_sin_espanol | pasos_sin_espanol | nivel_desconocido | sin_video_o_gif_compatible","https://wger.de/en/exercise/2620/view/"
"wger-2621","Box Handstand Push-up","","nombre_sin_espanol | pasos_sin_espanol | nivel_desconocido | sin_recurso_visual | sin_video_o_gif_compatible","https://wger.de/en/exercise/2621/view/"
"wger-2622","Banded Front Raise","","nombre_sin_espanol | pasos_sin_espanol | nivel_desconocido | sin_recurso_visual | sin_video_o_gif_compatible","https://wger.de/en/exercise/2622/view/"
"wger-2623","Plate-Loaded Lat Pulldown","","nombre_sin_espanol | pasos_sin_espanol | nivel_desconocido | sin_recurso_visual | sin_video_o_gif_compatible","https://wger.de/en/exercise/2623/view/"
"wger-2624","Lean-Away Cable Lateral Raise","","nombre_sin_espanol | pasos_sin_espanol | nivel_desconocido | sin_recurso_visual | sin_video_o_gif_compatible","https://wger.de/en/exercise/2624/view/"
"wger-2625","Wall Baby Breathing","","nombre_sin_espanol | pasos_sin_espanol | nivel_desconocido | musculo_principal_desconocido | sin_recurso_visual | sin_video_o_gif_compatible","https://wger.de/en/exercise/2625/view/"
"wger-2626","Machine Seated Leg Curl","","nombre_sin_espanol | pasos_sin_espanol | nivel_desconocido | sin_recurso_visual | sin_video_o_gif_compatible","https://wger.de/en/exercise/2626/view/"
"wger-2627","Machine Chest Press","","nombre_sin_espanol | pasos_sin_espanol | nivel_desconocido | sin_recurso_visual | sin_video_o_gif_compatible","https://wger.de/en/exercise/2627/view/"
"wger-2628","Machine Seated Calf Raise","","nombre_sin_espanol | pasos_sin_espanol | nivel_desconocido | sin_recurso_visual | sin_video_o_gif_compatible","https://wger.de/en/exercise/2628/view/"
"wger-2629","Controlled Kegels","","nombre_sin_espanol | pasos_sin_espanol | nivel_desconocido | musculo_principal_desconocido | sin_recurso_visual | sin_video_o_gif_compatible","https://wger.de/en/exercise/2629/view/"
"wger-2630","Pelvic Endurance Hold","","nombre_sin_espanol | pasos_sin_espanol | nivel_desconocido | musculo_principal_desconocido | sin_recurso_visual | sin_video_o_gif_compatible","https://wger.de/en/exercise/2630/view/"
"wger-2631","Machine Lat Pulldown","","nombre_sin_espanol | pasos_sin_espanol | nivel_desconocido | sin_recurso_visual | sin_video_o_gif_compatible","https://wger.de/en/exercise/2631/view/"
"wger-2632","Machine Incline Chest Press","","nombre_sin_espanol | pasos_sin_espanol | nivel_desconocido | sin_recurso_visual | sin_video_o_gif_compatible","https://wger.de/en/exercise/2632/view/"
"wger-2633","Preacher Curl Machine","","nombre_sin_espanol | pasos_sin_espanol | nivel_desconocido | sin_recurso_visual | sin_video_o_gif_compatible","https://wger.de/en/exercise/2633/view/"
"wger-2634","Machine Dip or Triceps Extension","","nombre_sin_espanol | pasos_sin_espanol | nivel_desconocido | sin_recurso_visual | sin_video_o_gif_compatible","https://wger.de/en/exercise/2634/view/"
"wger-2635","Seated Band Row","","nombre_sin_espanol | pasos_sin_espanol | nivel_desconocido | sin_recurso_visual | sin_video_o_gif_compatible","https://wger.de/en/exercise/2635/view/"
"wger-2636","FlexBar Wrist Extension","","nombre_sin_espanol | pasos_sin_espanol | nivel_desconocido | musculo_principal_desconocido | sin_recurso_visual | sin_video_o_gif_compatible","https://wger.de/en/exercise/2636/view/"
"wger-2637","FlexBar Wrist Flexion","","nombre_sin_espanol | pasos_sin_espanol | nivel_desconocido | musculo_principal_desconocido | sin_recurso_visual | sin_video_o_gif_compatible","https://wger.de/en/exercise/2637/view/"
"wger-2638","FlexBar Tyler Twist","","nombre_sin_espanol | pasos_sin_espanol | nivel_desconocido | musculo_principal_desconocido | sin_recurso_visual | sin_video_o_gif_compatible","https://wger.de/en/exercise/2638/view/"
"wger-2639","roman chair RDLS","","nombre_sin_espanol | pasos_sin_espanol | nivel_desconocido | sin_recurso_visual | sin_video_o_gif_compatible","https://wger.de/en/exercise/2639/view/"
"wger-2640","Quick Kegels","","nombre_sin_espanol | pasos_sin_espanol | nivel_desconocido | musculo_principal_desconocido | sin_recurso_visual | sin_video_o_gif_compatible","https://wger.de/en/exercise/2640/view/"
"wger-2641","Pelvic Wave","","nombre_sin_espanol | pasos_sin_espanol | nivel_desconocido | musculo_principal_desconocido | sin_recurso_visual | sin_video_o_gif_compatible","https://wger.de/en/exercise/2641/view/"
"wger-2643","Dumbbell Bent-Over Reverse Fly","","nombre_sin_espanol | pasos_sin_espanol | nivel_desconocido | sin_recurso_visual | sin_video_o_gif_compatible","https://wger.de/en/exercise/2643/view/"
"wger-2644","Dumbbell or Machine Calf Raise","","nombre_sin_espanol | pasos_sin_espanol | nivel_desconocido | sin_recurso_visual | sin_video_o_gif_compatible","https://wger.de/en/exercise/2644/view/"
"wger-2645","Squat -> Stand Coordination","","nombre_sin_espanol | pasos_sin_espanol | nivel_desconocido | sin_recurso_visual | sin_video_o_gif_compatible","https://wger.de/en/exercise/2645/view/"
"wger-2646","Supported Deep Squat Breathing","","nombre_sin_espanol | pasos_sin_espanol | nivel_desconocido | sin_recurso_visual | sin_video_o_gif_compatible","https://wger.de/en/exercise/2646/view/"
"wger-2647","Pelvic Tilts","","nombre_sin_espanol | pasos_sin_espanol | nivel_desconocido | musculo_principal_desconocido | sin_recurso_visual | sin_video_o_gif_compatible","https://wger.de/en/exercise/2647/view/"
"wger-2648","90/90 Hamstring / Barre-Style Stretch","","nombre_sin_espanol | pasos_sin_espanol | nivel_desconocido | sin_recurso_visual | sin_video_o_gif_compatible","https://wger.de/en/exercise/2648/view/"
"wger-2649","Glute Stretch","","nombre_sin_espanol | pasos_sin_espanol | nivel_desconocido | sin_recurso_visual | sin_video_o_gif_compatible","https://wger.de/en/exercise/2649/view/"
"wger-2650","Soleus / Achilles Stretch","","nombre_sin_espanol | pasos_sin_espanol | nivel_desconocido | sin_recurso_visual | sin_video_o_gif_compatible","https://wger.de/en/exercise/2650/view/"
"wger-2651","Wall Calf Stretch","","nombre_sin_espanol | pasos_sin_espanol | nivel_desconocido | sin_recurso_visual | sin_video_o_gif_compatible","https://wger.de/en/exercise/2651/view/"
"wger-2652","Extended Arm Child's Pose","","nombre_sin_espanol | pasos_sin_espanol | nivel_desconocido | musculo_principal_desconocido | sin_recurso_visual | sin_video_o_gif_compatible","https://wger.de/en/exercise/2652/view/"
"wger-2653","Gentle Thoracic Rotation","","nombre_sin_espanol | pasos_sin_espanol | nivel_desconocido | musculo_principal_desconocido | sin_recurso_visual | sin_video_o_gif_compatible","https://wger.de/en/exercise/2653/view/"
"wger-2654","Gentle Upward-Facing Dog / Cobra","","nombre_sin_espanol | pasos_sin_espanol | nivel_desconocido | musculo_principal_desconocido | sin_recurso_visual | sin_video_o_gif_compatible","https://wger.de/en/exercise/2654/view/"
"wger-2655","Gentle Reverse Kegels","","nombre_sin_espanol | pasos_sin_espanol | nivel_desconocido | musculo_principal_desconocido | sin_recurso_visual | sin_video_o_gif_compatible","https://wger.de/en/exercise/2655/view/"
"wger-2656","Happy Baby","","nombre_sin_espanol | pasos_sin_espanol | nivel_desconocido | musculo_principal_desconocido | sin_recurso_visual | sin_video_o_gif_compatible","https://wger.de/en/exercise/2656/view/"
"wger-2657","Relaxed Diaphragmatic Breathing","","nombre_sin_espanol | pasos_sin_espanol | nivel_desconocido | musculo_principal_desconocido | sin_recurso_visual | sin_video_o_gif_compatible","https://wger.de/en/exercise/2657/view/"
"wger-2658","Dumbbell Lateral Raise","","nombre_sin_espanol | pasos_sin_espanol | nivel_desconocido | sin_recurso_visual | sin_video_o_gif_compatible","https://wger.de/en/exercise/2658/view/"
"wger-2659","Alternating Dumbbell Curl","","nombre_sin_espanol | pasos_sin_espanol | nivel_desconocido | sin_recurso_visual | sin_video_o_gif_compatible","https://wger.de/en/exercise/2659/view/"
"wger-2660","Bent-Over Dumbbell Triceps Extension","","nombre_sin_espanol | pasos_sin_espanol | nivel_desconocido | sin_recurso_visual | sin_video_o_gif_compatible","https://wger.de/en/exercise/2660/view/"
"wger-2661","Dumbbell Calf Raise","","nombre_sin_espanol | pasos_sin_espanol | nivel_desconocido | sin_recurso_visual | sin_video_o_gif_compatible","https://wger.de/en/exercise/2661/view/"
"wger-2662","Paused Squats","","nombre_sin_espanol | pasos_sin_espanol | nivel_desconocido | sin_recurso_visual | sin_video_o_gif_compatible","https://wger.de/en/exercise/2662/view/"
"wger-2663","Single-Arm Cable Row /w Rotation (floor)","","nombre_sin_espanol | pasos_sin_espanol | nivel_desconocido | sin_recurso_visual | sin_video_o_gif_compatible","https://wger.de/en/exercise/2663/view/"
"wger-2664","Seated Knee Extension with Overpressure","","nombre_sin_espanol | pasos_sin_espanol | nivel_desconocido | sin_recurso_visual | sin_video_o_gif_compatible","https://wger.de/en/exercise/2664/view/"
"wger-2665","Banded Monster Walk","","nombre_sin_espanol | pasos_sin_espanol | nivel_desconocido | sin_recurso_visual | sin_video_o_gif_compatible","https://wger.de/en/exercise/2665/view/"
"wger-2666","Step Calf Stretch","","nombre_sin_espanol | pasos_sin_espanol | nivel_desconocido | sin_recurso_visual | sin_video_o_gif_compatible","https://wger.de/en/exercise/2666/view/"
"wger-2667","Single-Leg Balance with Eyes Closed","","nombre_sin_espanol | pasos_sin_espanol | nivel_desconocido | musculo_principal_desconocido | sin_recurso_visual | sin_video_o_gif_compatible","https://wger.de/en/exercise/2667/view/"
"wger-2668","Single-Leg Balance with Kettlebell Circles","","nombre_sin_espanol | pasos_sin_espanol | nivel_desconocido | sin_recurso_visual | sin_video_o_gif_compatible","https://wger.de/en/exercise/2668/view/"
"wger-2669","Bent Over Dumbbell Rows (Two Arms)","","nombre_sin_espanol | pasos_sin_espanol | nivel_desconocido | sin_recurso_visual | sin_video_o_gif_compatible","https://wger.de/en/exercise/2669/view/"
"wger-2670","Alternate Walking","","nombre_sin_espanol | pasos_sin_espanol | nivel_desconocido | sin_recurso_visual | sin_video_o_gif_compatible","https://wger.de/en/exercise/2670/view/"
"wger-2671","Radio Taiso","","nombre_sin_espanol | pasos_sin_espanol | nivel_desconocido | sin_recurso_visual | sin_video_o_gif_compatible","https://wger.de/en/exercise/2671/view/"
"wger-2672","kelso shrugs","Encogimientos kelso","nivel_desconocido | sin_recurso_visual | sin_video_o_gif_compatible","https://wger.de/en/exercise/2672/view/"
"wger-2674","Knieheben Beinhebemaschine","","nombre_sin_espanol | pasos_sin_espanol | nivel_desconocido | sin_video_o_gif_compatible","https://wger.de/en/exercise/2674/view/"
"wger-2675","Knieheben Beinhebemaschine seitlich","","nombre_sin_espanol | pasos_sin_espanol | nivel_desconocido | sin_video_o_gif_compatible","https://wger.de/en/exercise/2675/view/"
"wger-2676","Weighted neck flexion","","nombre_sin_espanol | pasos_sin_espanol | nivel_desconocido | sin_recurso_visual | sin_video_o_gif_compatible","https://wger.de/en/exercise/2676/view/"
"wger-2677","Single leg press","Prensa de piernas unilateral","nivel_desconocido | sin_recurso_visual | sin_video_o_gif_compatible","https://wger.de/en/exercise/2677/view/"
"rl-caminata-rapida","Brisk walking","Caminata rápida","sin_video_o_gif_compatible","https://www.nhs.uk/live-well/exercise/walking-for-health/"
"rl-caminata-cuestas","Uphill walking","Caminata en pendiente","sin_video_o_gif_compatible","https://www.nhs.uk/live-well/exercise/walking-for-health/"
"rl-caminadora-caminar","Treadmill walking","Caminata en caminadora","sin_video_o_gif_compatible | reproduccion_externa_pendiente","https://www.southtees.nhs.uk/resources/combined-cardiovascular/"
"rl-caminadora-inclinada","Incline treadmill walking","Caminata con inclinación en caminadora","sin_video_o_gif_compatible | reproduccion_externa_pendiente","https://www.southtees.nhs.uk/resources/combined-cardiovascular/"
"rl-caminadora-trote","Treadmill jogging","Trote en caminadora","sin_video_o_gif_compatible","https://www.nhs.uk/better-health/get-active/get-running-with-couch-to-5k/couch-to-5k-running-plan/ | https://www.southtees.nhs.uk/resources/combined-cardiovascular/"
"rl-caminadora-intervalos","Treadmill walking intervals","Intervalos de caminata en caminadora","sin_video_o_gif_compatible","https://www.nhs.uk/live-well/exercise/walking-for-health/ | https://www.southtees.nhs.uk/resources/combined-cardiovascular/"
"rl-trote","Easy jogging","Trote suave al aire libre","sin_video_o_gif_compatible","https://www.nhs.uk/better-health/get-active/get-running-with-couch-to-5k/couch-to-5k-running-plan/"
"rl-caminar-correr","Walk run intervals","Alternancia de caminata y carrera","sin_video_o_gif_compatible","https://www.nhs.uk/better-health/get-active/get-running-with-couch-to-5k/couch-to-5k-running-plan/"
"rl-aceleraciones","Progressive accelerations","Aceleraciones progresivas","sin_video_o_gif_compatible | reproduccion_externa_pendiente","https://worldathletics.org/disciplines/sprint/100-metres"
"rl-sprint","Short straight sprint","Sprint corto en recta","sin_video_o_gif_compatible | reproduccion_externa_pendiente","https://worldathletics.org/disciplines/sprint/100-metres"
"rl-strides","Running strides","Progresiones de carrera (strides)","sin_video_o_gif_compatible | reproduccion_externa_pendiente","https://worldathletics.org/disciplines/sprint/100-metres"
"rl-skipping-alto","High knee drill","Skipping alto","sin_video_o_gif_compatible","https://worldathletics.org/personal-best/performance/jereem-richards-games-drills-develop-speed"
"rl-skipping-bajo","Low knee drill","Skipping bajo","sin_video_o_gif_compatible","https://worldathletics.org/personal-best/performance/jereem-richards-games-drills-develop-speed"
"rl-ankling","Ankling drill","Ankling: apoyos cortos de tobillo","sin_video_o_gif_compatible","https://worldathletics.org/personal-best/performance/jereem-richards-games-drills-develop-speed"
"rl-desplazamiento-lateral","Lateral shuffle","Desplazamiento lateral controlado","sin_video_o_gif_compatible","https://www.nhs.uk/live-well/exercise/balance-exercises/ | https://worldathletics.org/personal-best/performance/jereem-richards-games-drills-develop-speed"
"rl-pasos-laterales","Sideways walking","Pasos laterales de equilibrio","sin_video_o_gif_compatible","https://www.nhs.uk/live-well/exercise/balance-exercises/"
"rl-equilibrio-un-pie","One leg stand","Equilibrio sobre un pie","sin_video_o_gif_compatible","https://www.nhs.uk/live-well/exercise/balance-exercises/"
"rl-marcha-talon-punta","Heel to toe walk","Marcha talón-punta","sin_video_o_gif_compatible","https://www.nhs.uk/live-well/exercise/balance-exercises/"
"rl-step-up","Low step up","Subida a escalón bajo","sin_video_o_gif_compatible","https://www.nhs.uk/live-well/exercise/balance-exercises/"
"rl-sentarse-levantarse","Sit to stand","Sentarse y levantarse de una silla","sin_video_o_gif_compatible","https://www.nhs.uk/live-well/exercise/strength-exercises/ | https://www.nhs.uk/live-well/exercise/strength-and-flex-exercise-plan-how-to-videos/"
"rl-bicicleta-estatica","Stationary bike","Bicicleta estática","sin_video_o_gif_compatible","https://www.southtees.nhs.uk/resources/combined-cardiovascular/"
"rl-eliptica","Elliptical trainer","Elíptica a ritmo cómodo","sin_video_o_gif_compatible","https://www.acefitness.org/resources/everyone/exercise-library/"
"rl-remo-ergometro","Rowing ergometer","Remo en ergómetro","sin_video_o_gif_compatible","https://www.southtees.nhs.uk/resources/combined-cardiovascular/"
"rl-movilidad-tobillo","Supported ankle mobility","Movilidad de tobillo con apoyo","sin_video_o_gif_compatible","https://www.nhs.uk/live-well/exercise/flexibility-exercises/"
"rl-movilidad-cuello","Gentle neck rotation","Rotación suave de cuello","sin_video_o_gif_compatible","https://www.nhs.uk/live-well/exercise/flexibility-exercises/"
"rl-calentamiento-marcha","Warm up march","Marcha para calentar","sin_video_o_gif_compatible","https://www.nhs.uk/live-well/exercise/strength-and-flex-exercise-plan-how-to-videos/"
"rl-vuelta-calma","Cool down walk","Caminata de vuelta a la calma","sin_video_o_gif_compatible","https://www.nhs.uk/better-health/get-active/get-running-with-couch-to-5k/couch-to-5k-running-plan/"
